{"data":[{"xs":{"input0":368.1793385407148,"input1":137.7998676262868,"input2":370.3376838431256,"input3":131.81082980209857,"input4":364.01665968272187,"input5":133.0282438103451,"input6":375.71842067190545,"input7":128.00269946717378,"input8":359.34388396800375,"input9":133.38304188748782,"input10":388.33602399621554,"input11":145.39894267597163,"input12":375.4908389561822,"input13":146.7378701847664,"input14":374.17207119292914,"input15":158.46134460925123,"input16":357.0930268285799,"input17":158.60001458062067,"input18":351.8224241022478,"input19":144.53815066094052,"input20":346.46500020464026,"input21":146.98658309252403,"input22":382.9571678949843,"input23":203.0698901914481,"input24":372.76156955295136,"input25":202.78380395840946,"input26":383.9705388773719,"input27":245.6630500064723,"input28":360.0126374302319,"input29":247.09961294430735,"input30":397.20016152305675,"input31":281.2472925316288,"input32":350.48434192441823,"input33":282.0941736172979},"ys":{"output0":"2168"}},{"xs":{},"ys":{"output0":"3343"}},{"xs":{"input0":256.9674825389483,"input1":126.1324621129919,"input2":258.66935402793956,"input3":121.8629790188973,"input4":252.8449503580729,"input5":122.35146565279297,"input6":261.48768002991557,"input7":122.81471713476941,"input8":249.02525487234252,"input9":122.36050165187544,"input10":239.5623912402296,"input11":132.78460348326325,"input12":243.45079329046357,"input13":134.28316529034174,"input14":265.43568512617264,"input15":147.62617620575963,"input16":244.6034440008985,"input17":157.24606103134897,"input18":279.0766308135689,"input19":143.3946388646176,"input20":261.5498493335865,"input21":150.4607113248888,"input22":238.1736701831483,"input23":199.60098474811156,"input24":227.26067377577513,"input25":199.18384029618943,"input26":257.26691723799377,"input27":257.9301473457678,"input28":234.19679400051777,"input29":243.19628650449636,"input30":254.4667169225146,"input31":290.16190854197123,"input32":216.01448758071393,"input33":265.4389296265838},"ys":{"output0":"9326"}},{"xs":{"input0":228.42961837441368,"input1":121.41271788242034,"input2":226.77965785095333,"input3":118.40121702376393,"input4":229.38760381925408,"input5":116.84680574353905,"input6":226.6350640190972,"input7":111.64193255627131,"input8":241.2698254204168,"input9":111.73765840586165,"input10":192.19632154319717,"input11":119.74942415546019,"input12":229.30678637171812,"input13":133.71921829312862,"input14":169.6871793572201,"input15":145.14626605236504,"input16":251.37321724993907,"input17":165.57493154068436,"input18":186.37550934016355,"input19":184.16402359454952,"input20":241.9324805722599,"input21":171.41728272912098,"input22":197.09143060457404,"input23":192.5684646695678,"input24":216.12453349152503,"input25":186.23176619323374,"input26":189.56972415916636,"input27":226.01350126210707,"input28":199.22443776567545,"input29":226.8749476501584,"input30":201.4279481170238,"input31":265.606698971278,"input32":203.9932932119388,"input33":265.87774384556224},"ys":{"output0":"10825"}}]}