{"data":[{"xs":{"input0":214.25871137057595,"input1":192.5143045942221,"input2":217.61335332026488,"input3":186.4351304558053,"input4":211.56583373309576,"input5":185.2589913232517,"input6":222.75327478003544,"input7":186.566520824767,"input8":211.82017008463538,"input9":185.61321533679032,"input10":239.92556358173806,"input11":211.6917969701815,"input12":198.49971496106122,"input13":212.2541746619152,"input14":249.34652049639067,"input15":242.41655792176837,"input16":185.66612793920564,"input17":243.26299894158137,"input18":249.9457042909737,"input19":270.0637157060946,"input20":182.85533704255755,"input21":268.23342128106725,"input22":232.68865633661517,"input23":274.7951981988799,"input24":201.26577529758504,"input25":272.4151992054246,"input26":234.79085821854437,"input27":319.977780466656,"input28":205.26526973493844,"input29":319.66598382470204,"input30":239.32832467858088,"input31":361.38201812089767,"input32":207.07579793056317,"input33":362.4084897998713},"ys":{"output0":"721"}},{"xs":{"input0":210.11810362222832,"input1":225.60839439228496,"input2":213.07442826834335,"input3":221.95173996001424,"input4":212.95676010161577,"input5":221.60466021264506,"input6":217.03530949226365,"input7":220.96272518760279,"input8":214.6183964244106,"input9":221.74578110841748,"input10":235.9817838018168,"input11":239.3383732734368,"input12":209.1500515407986,"input13":240.5723195512857,"input14":240.47345910620732,"input15":273.7220749288042,"input16":199.0437870880781,"input17":265.67500599643637,"input18":209.8723782247502,"input19":267.6810453835054,"input20":180.97195482161078,"input21":262.6115224142985,"input22":233.59969111213906,"input23":307.83388074610895,"input24":210.29577065629564,"input25":303.7504155268678,"input26":243.274752968236,"input27":352.3921295820388,"input28":202.14294136151466,"input29":351.5643286751492,"input30":248.34076820061216,"input31":396.3077888711851,"input32":196.28036974931086,"input33":392.3367957994487},"ys":{"output0":"1828"}},{"xs":{"input0":203.77969663742687,"input1":242.75828430294757,"input2":205.78079788773147,"input3":235.1878282573023,"input4":196.76359656261423,"input5":235.83350228054945,"input6":217.60813410054402,"input7":226.74087792112115,"input8":190.60723496227,"input9":230.0212683129264,"input10":239.10371903090447,"input11":244.4621449371992,"input12":191.27461037440605,"input13":245.83814951876218,"input14":265.7610935263234,"input15":277.35483835082766,"input16":176.52088663499023,"input17":274.44840102167854,"input18":228.3405552319383,"input19":269.47666101288377,"input20":163.8305542111164,"input21":270.70377044975174,"input22":235.9582959745827,"input23":319.31991959175866,"input24":201.700482730977,"input25":312.2707326788651,"input26":229.72913597062313,"input27":369.6630460802342,"input28":169.67363740500883,"input29":367.9771616677327,"input30":230.70574427673455,"input31":416.0731681838602,"input32":143.4751820703696,"input33":422.8106112415098},"ys":{"output0":"3432"}},{"xs":{"input0":201.71622501246878,"input1":215.69789150304962,"input2":207.49675014562774,"input3":207.04178421585647,"input4":198.41631132724456,"input5":208.18213033397294,"input6":219.50568667629307,"input7":205.0512594182124,"input8":195.42987429375302,"input9":206.98643794069048,"input10":236.57222844471477,"input11":231.77840204963906,"input12":189.2142717090034,"input13":232.25542035019188,"input14":247.16101930852517,"input15":273.09903507344205,"input16":170.21139758372163,"input17":270.348729659707,"input18":200.14768708286692,"input19":255.4981664467973,"input20":181.85858282197057,"input21":251.7073716429474,"input22":230.20259745636878,"input23":315.4442383764315,"input24":193.4947659676535,"input25":311.88077157003835,"input26":234.22086719416268,"input27":373.9030269154331,"input28":188.5589248627482,"input29":380.8698950873481,"input30":228.3282994201541,"input31":443.4608462447079,"input32":169.16079991509804,"input33":453.7783343517757},"ys":{"output0":"4490"}},{"xs":{"input0":155.17312449553788,"input1":226.35511431777684,"input2":161.39682078222086,"input3":217.86813405057373,"input4":149.65719598543342,"input5":218.5794443647299,"input6":170.47258105659114,"input7":210.64855802361262,"input8":145.14758193702028,"input9":213.37378369902075,"input10":184.26364623547528,"input11":235.8146033928408,"input12":133.4115921823602,"input13":239.00469703748675,"input14":203.03923162568145,"input15":278.69571142958847,"input16":118.34503456398289,"input17":280.6654578017445,"input18":204.43970142981692,"input19":324.60042615150616,"input20":116.38685259902684,"input21":315.75330113342164,"input22":175.49538684867275,"input23":322.3369701006259,"input24":142.13330423158044,"input25":328.1781279506274,"input26":178.83759143524463,"input27":374.8130706132736,"input28":148.09577570091676,"input29":382.153551425153,"input30":177.11134674488682,"input31":426.1617548237999,"input32":150.259842008178,"input33":431.93986085888},"ys":{"output0":"5604"}},{"xs":{"input0":111.51866712068255,"input1":271.2231784396701,"input2":118.37985880890784,"input3":265.8366182858949,"input4":108.81065621478282,"input5":265.7409602531448,"input6":119.83331245288514,"input7":264.8873972753335,"input8":101.33628637005245,"input9":264.7794138293052,"input10":122.14657878318025,"input11":284.89266973722283,"input12":89.12164520799067,"input13":280.60991908142205,"input14":133.99291754233673,"input15":308.11127660799673,"input16":87.24752266272233,"input17":313.3857188680251,"input18":140.6520133362411,"input19":298.9429860923722,"input20":127.60374786793369,"input21":297.60977434600767,"input22":106.54618172152928,"input23":346.98251943606846,"input24":79.68893025121261,"input25":346.36419166133646,"input26":122.57012885913514,"input27":392.9840064095242,"input28":78.35202386272348,"input29":394.19356972618175,"input30":120.43266169973748,"input31":435.10078088117154,"input32":65.67285013477704,"input33":437.99025864629016},"ys":{"output0":"9520"}},{"xs":{"input0":100.96233419972319,"input1":270.31436436822304,"input2":99.4452435882003,"input3":265.847382127193,"input4":93.57611762152777,"input5":264.5540370532179,"input6":100.12335362722533,"input7":256.7642500433076,"input8":96.33553785654999,"input9":256.26247056511176,"input10":117.52997385363363,"input11":282.33667622765137,"input12":105.22586339166057,"input13":281.9508278532567,"input14":164.37661243461025,"input15":298.7377909610146,"input16":169.77717408892238,"input17":300.950972053275,"input18":181.4782097651015,"input19":318.2566268355758,"input20":179.03289683381018,"input21":317.67490617480655,"input22":137.35086600915264,"input23":357.97251413207766,"input24":118.35740399871884,"input25":358.2259357742399,"input26":159.93613007008213,"input27":406.71281483670657,"input28":97.62219137150873,"input29":416.31364342762015,"input30":180.23625721475997,"input31":440.1452285736857,"input32":104.32786997298746,"input33":456.9538062915467},"ys":{"output0":"11335"}},{"xs":{"input0":77.18908551608376,"input1":235.10335197225646,"input2":82.41094697056224,"input3":227.80321861103496,"input4":70.88794968513949,"input5":228.35550765545045,"input6":89.44182576259442,"input7":225.54975781059636,"input8":66.12796954476576,"input9":226.95913273921022,"input10":111.22814751043188,"input11":254.5716929296304,"input12":57.4130106251142,"input13":258.41390747308265,"input14":140.54250475491233,"input15":292.58373892562895,"input16":43.487105044240366,"input17":300.47226056253237,"input18":107.82625730042335,"input19":309.7379140872472,"input20":49.84676071077757,"input21":284.2345183076914,"input22":123.57070803874649,"input23":341.0874366388451,"input24":84.15081358792489,"input25":340.3614441274899,"input26":139.91019737883153,"input27":395.1978294565896,"input28":90.93194853725024,"input29":402.8071148074858,"input30":170.37514134457234,"input31":442.3748053537707,"input32":99.57685570967823,"input33":465.32615141097097},"ys":{"output0":"12438"}},{"xs":{"input0":179.01184647171584,