{"data":[{"xs":{"input0":267.8764358133833,"input1":119.37773696163242,"input2":270.2994797615512,"input3":115.13385289361369,"input4":264.03690211721795,"input5":115.70004587749756,"input6":273.4317581741898,"input7":117.94849864223545,"input8":257.3794314735814,"input9":117.49563339858025,"input10":284.7106410095334,"input11":139.09900999905767,"input12":248.2082463612101,"input13":136.94256758364554,"input14":291.56282599674097,"input15":169.36926650257368,"input16":234.82529727571423,"input17":166.4112720154879,"input18":291.5183762221308,"input19":194.23483805814448,"input20":231.66676006354317,"input21":189.3829833508467,"input22":276.00956907514006,"input23":194.0680205287524,"input24":250.188156038697,"input25":197.87592540242747,"input26":278.6121534975881,"input27":241.35232267323988,"input28":244.20113308852643,"input29":240.98946465386285,"input30":280.35372661568266,"input31":278.04212499547884,"input32":242.64225177132826,"input33":282.64831423991836},"ys":{"output0":"538"}},{"xs":{"input0":340.146840487772,"input1":123.8935736048291,"input2":343.41920105337397,"input3":118.23892069141766,"input4":339.4597760139153,"input5":118.47464957432436,"input6":349.4696758783351,"input7":117.62240181192317,"input8":353.7646781817282,"input9":118.21328562835038,"input10":355.2921302602073,"input11":135.45236122770848,"input12":365.1939668711166,"input13":135.30917251319215,"input14":328.27687819334034,"input15":145.5170915094268,"input16":331.00267317327604,"input17":144.19252332423395,"input18":322.2197611847816,"input19":128.54648166232636,"input20":324.9191861217714,"input21":126.31838911922819,"input22":365.0663950661702,"input23":192.79229296113544,"input24":380.91490494577505,"input25":194.04645715308232,"input26":352.3162574098821,"input27":242.62041772318162,"input28":381.30014534814546,"input29":241.67323642306854,"input30":352.56231772736965,"input31":278.3736871790003,"input32":383.65622299224077,"input33":278.21694863005223},"ys":{"output0":"2193"}},{"xs":{"input0":357.74433262399293,"input1":107.45327300727948,"input2":362.2196978295755,"input3":106.66113661976121,"input4":362.662341915376,"input5":104.4713927151864,"input6":381.05586923818606,"input7":105.19876996908502,"input8":378.23621500770014,"input9":102.1302500942297,"input10":389.9386602628533,"input11":130.35905209665873,"input12":367.59866219979745,"input13":122.65090942382812,"input14":405.19293950547484,"input15":151.03513245461744,"input16":346.1854919076663,"input17":99.92450082046477,"input18":406.2537025615253,"input19":131.67014793113424,"input20":358.8983896787171,"input21":97.14394820363896,"input22":384.9562979952866,"input23":202.49243098625197,"input24":370.88436074656585,"input25":202.75291130556695,"input26":379.20182458606143,"input27":254.5525852374398,"input28":381.130316215649,"input29":255.1040012887579,"input30":377.71182426467504,"input31":292.70289013957415,"input32":374.9104567856816,"input33":292.77021501031766},"ys":{"output0":"3612"}},{"xs":{"input0":285.72366041514374,"input1":116.84794911167074,"input2":288.8721333702637,"input3":112.2045553404453,"input4":282.76822095725964,"input5":112.99404330188534,"input6":292.6691494768823,"input7":114.0743447465506,"input8":278.4197131002623,"input9":113.71922543174341,"input10":304.1389828211615,"input11":133.51432815165083,"input12":267.060542710808,"input13":131.16729498374298,"input14":313.63001594766536,"input15":160.83782307585778,"input16":250.58177390293767,"input17":158.23339852673269,"input18":317.232117383336,"input19":188.9447693703932,"input20":247.4942825644569,"input21":183.54226333588417,"input22":296.2962513825117,"input23":190.90135481390104,"input24":268.9519198828506,"input25":190.1234736451861,"input26":298.5450513367532,"input27":234.55377292447156,"input28":265.01823856584275,"input29":235.71927254660085,"input30":303.29817744026406,"input31":273.5402698777107,"input32":265.7404748273407,"input33":272.719531440363},"ys":{"output0":"6369"}},{"xs":{"input0":240.64665521097461,"input1":112.71881579423274,"input2":240.19332551119618,"input3":107.80257792035971,"input4":238.9667009796083,"input5":109.40218503479835,"input6":219.0921822858368,"input7":111.74512539690696,"input8":228.8712458024945,"input9":113.50292183502376,"input10":208.68885181568285,"input11":126.44071463720604,"input12":224.88431220398542,"input13":128.95899246543007,"input14":224.8344763445343,"input15":139.89470569246225,"input16":246.41407630132187,"input17":140.72497629979898,"input18":261.11256872701364,"input19":121.54299879167047,"input20":261.70905516626306,"input21":122.2890432257401,"input22":196.08405427393623,"input23":193.35434584589729,"input24":200.19911678678574,"input25":193.10425875479712,"input26":198.88344591821146,"input27":245.43591237207602,"input28":196.66171425267268,"input29":244.32226407830012,"input30":202.57127014517087,"input31":277.9903441609462,"input32":197.97106677793386,"input33":275.7387484723364},"ys":{"output0":"8900"}},{"xs":{"input0":187.48542592307047,"input1":101.70875415467378,"input2":191.9279572187576,"input3":90.73829338564508,"input4":186.24868114092195,"input5":96.77894220482304,"input6":197.3272284197296,"input7":94.40663715087413,"input8":185.1383047122472,"input9":98.90574479428415,"input10":211.94162290695814,"input11":116.98997601663393,"input12":179.30485366613078,"input13":124.67920195521896,"input14":193.85720176771136,"input15":99.77962133247715,"input16":164.3810669302243,"input17":98.88614528128045,"input18":188.49469339173672,"input19":99.24842206125834,"input20":187.89438348067432,"input21":97.43470963446484,"input22":197.04541687844556,"input23":199.6191326126485,"input24":189.43992629618208,"input25":199.02365388926006,"input26":192.29483680650736,"input27":253.23648136726365,"input28":193.52437396728038,"input29":254.97244286490695,"input30":201.47633439151397,"input31":305.02677515933385,"input32":201.83708845290988,"input33":305.4800403141371},"ys":{"output0":"11331"}},{"xs":{"input0":285.60362639250576,"input1":119.6230889110305,"input2":285.9876963594968,"input3":117.00515300906886,"input4":287.451013635706,"input5":115.68476180584108,"input6":283.621982329073,"input7":120.44604511521248,"input8":292.66844334890504,"input9":120.29962885449504,"input10":269.54429165429303,"input11":144.31842201634458,"input12":306.8336120962399,"input13":143.9652634410598,"input14":258.11377913863566,"input15":169.44747181198983,"input16":320.10638632969545,"input17":177.2829081812332,"input18":259.1768107497901,"input19":188.39300382439387,"input20":321.16383766337907,"input21":199.2542659748367,"input22":273.20632904826084,"input23":196.25562879774304,"input24":302.1049282378853,"input25":196.5049639547545,"input26":269.2916233590704,"input27":244.76076895730534,"input28":300.05348525316856,"input29":242.50981589274562,"input30":267.46001661869514,"input31":286.29103156790626,"input32":306.46365160133405,"input33":280.5338089554398},"ys":{"output0":"13530"}}]}