{"data":[{"xs":{},"ys":{"output0":"5531"}},{"xs":{"input0":277.03271163137333,"input1":103.98020604897658,"input2":280.9527439169484,"input3":95.37645752666984,"input4":279.38334807085477,"input5":98.14900151005497,"input6":292.8166207653737,"input7":93.95170453463845,"input8":295.3663772077356,"input9":95.24752760026422,"input10":314.339306331285,"input11":116.19724117524441,"input12":299.9512019538507,"input13":116.78770693654434,"input14":321.0598905091165,"input15":162.90588140952423,"input16":297.7035925495229,"input17":161.9121624387031,"input18":312.7194017555281,"input19":174.6698063484177,"input20":278.51916203489543,"input21":179.44343884785968,"input22":330.21974857322886,"input23":180.45309397677,"input24":314.8541325202927,"input25":181.71275549697128,"input26":318.251941524751,"input27":238.34535059640746,"input28":300.677535594323,"input29":236.25381677936156,"input30":318.7693380984182,"input31":270.6648007517437,"input32":302.56524574919285,"input33":292.1355998911123},"ys":{"output0":"9413"}}]}