{"data":[{"xs":{},"ys":{"output0":"1019"}},{"xs":{},"ys":{"output0":"2466"}},{"xs":{"input0":285.9783935546875,"input1":144.63102582370095,"input2":282.06462599845423,"input3":143.47942181265608,"input4":288.2933380543372,"input5":142.8283396938391,"input6":279.52259325841715,"input7":146.96681983754416,"input8":291.24929208736904,"input9":146.62022402876767,"input10":274.7583843625312,"input11":162.9320179602788,"input12":303.444498222009,"input13":160.0736486423782,"input14":271.61940844203065,"input15":187.44180006358124,"input16":311.09518605133707,"input17":190.3933953774138,"input18":275.6273789433708,"input19":189.7527927450734,"input20":300.1534190930818,"input21":198.88365048414084,"input22":276.58237628304704,"input23":225.91827214112755,"input24":300.9055218315496,"input25":224.441756755985,"input26":279.14542103371423,"input27":285.60912312587567,"input28":271.5507777996695,"input29":285.8785921509503,"input30":281.89627232839723,"input31":321.524005168595,"input32":266.6917374817251,"input33":326.1045983149062},"ys":{"output0":"6487"}},{"xs":{"input0":283.57440494886845,"input1":136.05565180787795,"input2":280.4933710823282,"input3":133.65613554420992,"input4":286.2508929217303,"input5":132.04879017136483,"input6":277.0882023147672,"input7":137.57669757448906,"input8":281.92379496018555,"input9":137.21008166932222,"input10":292.3283329716435,"input11":156.67371069478708,"input12":296.0329105607715,"input13":157.3341344346312,"input14":306.1135120652107,"input15":187.14105379279357,"input16":306.32971334178546,"input17":187.05873128731116,"input18":316.1929077386391,"input19":216.84972811395892,"input20":313.7733950252421,"input21":217.43389895552548,"input22":298.3355767917447,"input23":220.79968710856593,"input24":280.2662878055089,"input25":220.43766653793364,"input26":304.71823530587534,"input27":275.86010849266717,"input28":269.58468312640866,"input29":284.90335267422023,"input30":311.7591533698069,"input31":300.8788892957899,"input32":269.3702908937926,"input33":332.40157396937434},"ys":{"output0":"7654"}}]}