{"data":[{"xs":{"input0":315.6268881636056,"input1":147.33319317853005,"input2":319.725864626046,"input3":144.48930409451907,"input4":312.83255831772357,"input5":144.43363122772752,"input6":328.36248446161517,"input7":146.02383024278902,"input8":311.3506175853588,"input9":146.96185790539715,"input10":339.0986390327617,"input11":165.52185831943683,"input12":305.8394642136482,"input13":164.76387722915143,"input14":352.330056352225,"input15":196.51140387760034,"input16":292.8994530869274,"input17":186.837535954823,"input18":353.4617439255147,"input19":221.28048932110818,"input20":287.63394539816335,"input21":163.2842619005467,"input22":337.9231669702957,"input23":222.09323518689843,"input24":316.34962888721367,"input25":224.16408010858305,"input26":337.1979283264041,"input27":269.9931736996299,"input28":304.959735833181,"input29":273.4339366414626,"input30":336.7061988280298,"input31":315.352511043437,"input32":294.8940483821995,"input33":315.4373781676413},"ys":{"output0":"2071"}},{"xs":{"input0":319.5807103013899,"input1":134.38306306537828,"input2":321.8678053173638,"input3":131.60898427981846,"input4":316.2324625056157,"input5":130.64296967801988,"input6":324.90535505566214,"input7":131.87451219465765,"input8":308.3988961559987,"input9":130.67434507968596,"input10":328.2446860151681,"input11":150.9059865851151,"input12":295.88470429240147,"input13":154.81703254446882,"input14":334.7951259204054,"input15":179.0811867184109,"input16":283.7335814834803,"input17":183.04406982183917,"input18":337.99931472272664,"input19":184.38297740200107,"input20":286.1457542136863,"input21":207.422029075102,"input22":322.0920495819627,"input23":210.4201485260188,"input24":299.76716240479465,"input25":210.41691532841435,"input26":324.44070797449893,"input27":251.0014322440759,"input28":294.27024082830775,"input29":254.8181408144112,"input30":326.8600981416758,"input31":289.0695178531996,"input32":293.5225488614385,"input33":295.74147363852336},"ys":{"output0":"4952"}},{"xs":{"input0":302.16902913173504,"input1":124.86256917317706,"input2":305.0796145909478,"input3":121.38920016223693,"input4":298.31716942740695,"input5":121.01515414886768,"input6":306.8896198830409,"input7":123.8404519004896,"input8":291.1218791166012,"input9":123.9986528244167,"input10":319.24906730651855,"input11":146.08427348889802,"input12":278.41381206847075,"input13":146.79626226889923,"input14":327.9186976025676,"input15":175.8282747324447,"input16":270.1462773551718,"input17":177.90681597317405,"input18":328.9821275261178,"input19":203.28702662655718,"input20":268.23738559180066,"input21":208.3038627520407,"input22":311.4580442194353,"input23":207.50029506274365,"input24":290.1215480038529,"input25":205.1837895859984,"input26":308.5614471732989,"input27":253.66778992770008,"input28":286.0172882972405,"input29":254.41203156409904,"input30":308.7538935194703,"input31":292.84249170017057,"input32":288.58646266409295,"input33":292.63958728336684},"ys":{"output0":"7343"}}]}