{"data":[{"xs":{"input0":316.2887820119281,"input1":75.97736856858398,"input2":322.2093507049144,"input3":72.2357948109885,"input4":311.46084969503835,"input5":69.06568958512986,"input6":330.6071060210408,"input7":77.17413457978304,"input8":303.14306010047363,"input9":75.34420318306073,"input10":340.7548607720269,"input11":106.98605989155016,"input12":293.13815825166756,"input13":108.50744414747805,"input14":358.4524964449698,"input15":142.62870357282907,"input16":277.9539241381788,"input17":147.06005594651367,"input18":363.034218533462,"input19":183.30623039260473,"input20":273.2431842290867,"input21":179.42482444510358,"input22":334.98954401146364,"input23":194.38394230476365,"input24":296.50163200631243,"input25":191.67003356457684,"input26":343.5238115039253,"input27":271.6210085327862,"input28":299.94082497342055,"input29":257.6763950221487,"input30":349.35643960160814,"input31":320.8595268442849,"input32":291.86481200695965,"input33":308.7808939541525},"ys":{"output0":"476"}},{"xs":{"input0":310.24755340338214,"input1":76.47219920018958,"input2":313.93817448011845,"input3":72.94259352061249,"input4":308.1452541834662,"input5":74.40119128013447,"input6":320.4253230550368,"input7":80.08094527335658,"input8":301.8718078494304,"input9":76.93973533823709,"input10":339.3529129771926,"input11":103.89345581768546,"input12":281.1290831686693,"input13":108.15391376934087,"input14":356.2623331467775,"input15":139.65313335143566,"input16":262.3466405440957,"input17":143.13563653600147,"input18":363.4410636559797,"input19":181.504162645247,"input20":257.9815376385843,"input21":175.8910047148171,"input22":337.41555643360516,"input23":190.15272456535354,"input24":290.7099209612573,"input25":196.06205068368894,"input26":339.36930158682037,"input27":268.0706831725717,"input28":295.98512616073873,"input29":260.86482919912356,"input30":341.058135450932,"input31":314.8401682000411,"input32":290.66256197804825,"input33":305.5888075205782},"ys":{"output0":"1406"}},{"xs":{"input0":321.0735493561445,"input1":76.32612232111583,"input2":327.19523230956077,"input3":73.04841545357806,"input4":318.846433464779,"input5":72.36229939302737,"input6":333.47963626854136,"input7":75.97604762741,"input8":311.11995228549887,"input9":75.63635575143914,"input10":340.6085481699447,"input11":103.18915116159539,"input12":309.1820722806756,"input13":108.3624438607437,"input14":349.14790636847124,"input15":142.677424023723,"input16":301.2670255962171,"input17":156.0381517912212,"input18":354.6932453951176,"input19":182.6768237851981,"input20":329.3076668008726,"input21":195.114597372609,"input22":338.3493413051434,"input23":183.5319248370492,"input24":301.89382155271534,"input25":189.22234527781228,"input26":342.7542958993893,"input27":260.07172255488166,"input28":295.24562456454447,"input29":273.4588331553438,"input30":348.21589122273997,"input31":314.96197081448736,"input32":291.1799013312565,"input33":306.3608829133924},"ys":{"output0":"1668"}},{"xs":{"input0":332.69021909836437,"input1":69.27925396151477,"input2":334.607245908146,"input3":66.74236453764618,"input4":328.7709093744527,"input5":64.41598992598682,"input6":340.0895046955428,"input7":71.7648296095939,"input8":318.7158482720745,"input9":68.91851272731728,"input10":343.73712104663514,"input11":102.65121608682077,"input12":310.76256170142693,"input13":97.16169688204343,"input14":350.47491486309565,"input15":142.46905410498903,"input16":295.1611060426946,"input17":70.78464441132127,"input18":350.50689994707903,"input19":172.25196704529878,"input20":314.34322305125335,"input21":41.12040365416172,"input22":337.31773926733064,"input23":186.79931402671173,"input24":306.8635859498736,"input25":176.5053262394539,"input26":338.3441710146779,"input27":264.63104486000697,"input28":303.80649499725877,"input29":242.71370038186825,"input30":341.61267762063306,"input31":315.1054694638614,"input32":291.31639640466045,"input33":319.5254747119331},"ys":{"output0":"3097"}},{"xs":{"input0":323.33353351198906,"input1":72.45317366155732,"input2":327.30963277537916,"input3":66.43353021632856,"input4":319.85470517104596,"input5":67.69695453011732,"input6":335.6130446049205,"input7":74.32120756331474,"input8":305.707544694867,"input9":68.88696421424314,"input10":349.677843350416,"input11":99.25874823482877,"input12":293.1151909484268,"input13":97.14075635051168,"input14":362.5589090388188,"input15":140.40317520528276,"input16":281.7750821476094,"input17":138.00705417090222,"input18":367.4726543463694,"input19":181.87765705190435,"input20":280.5514957658496,"input21":183.58542578029818,"input22":341.16149426436095,"input23":184.83230680052998,"input24":299.7642627143488,"input25":186.5863227472435,"input26":340.1380397655346,"input27":261.32133260805006,"input28":300.6150600738228,"input29":246.53950057299278,"input30":348.17664772911144,"input31":313.75579477053634,"input32":291.4051207603767,"input33":303.228969759876},"ys":{"output0":"4851"}},{"xs":{"input0":313.9687524390267,"input1":67.78105142753259,"input2":319.0429312722725,"input3":62.30491534078794,"input4":311.2586945353428,"input5":62.759716190092746,"input6":325.7573749029148,"input7":67.99585814596847,"input8":302.93022765518396,"input9":72.21970556307488,"input10":331.0872821175796,"input11":96.76794189691077,"input12":292.4626555266204,"input13":101.92365471614963,"input14":316.5134794298436,"input15":146.80972331680982,"input16":288.6411535251907,"input17":144.19403938754493,"input18":296.3084569265503,"input19":174.42988107543704,"input20":282.12387412147444,"input21":167.8193850452207,"input22":335.8699496680068,"input23":180.06415830021012,"input24":303.40265939574954,"input25":185.8829583062066,"input26":342.6251577633863,"input27":260.96402828223984,"input28":298.4411835252193,"input29":263.05674116049124,"input30":350.3786675971851,"input31":309.8654408296879,"input32":295.09907326503105,"input33":317.0664323654323},"ys":{"output0":"5396"}},{"xs":{"input0":309.10279445016124,"input1":79.87722236975358,"input2":312.93350963332267,"input3":72.7430365192495,"input4":306.73278987059115,"input5":78.75541129307439,"input6":321.51780126619985,"input7":75.36090575695965,"input8":300.41126801488923,"input9":78.42847545244538,"input10":333.23649029053206,"input11":89.79189634787872,"input12":295.73797928659536,"input13":98.19297701294659,"input14":317.4932186134145,"input15":83.0858830680624,"input16":290.97657067966276,"input17":137.62799238833304,"input18":296.8287123295299,"input19":85.51543207893593,"input20":290.13454667773624,"input21":173.49470261244744,"input22":341.81485568338434,"input23":176.11208731668034,"input24":305.2884934334262,"input25":179.03890702691922,"input26":346.6448010896381,"input27":250.60931571975317,"input28":307.73608767265927,"input29":264.1138474611278,"input30":353.65327831364976,"input31":324.3066474661725,"input32":302.93244657460707,"input33":318.9847723828886},"ys":{"output0":"6839"}},{"xs":{"input0":331.2625944498222,"input1":74.7130425585176,"input2":335.75599239118844,"input3":72.66290080942372,"input4":325.8543604205691,"input5":71.2177712364271,"input6":340.60775786580166,"input7":77.05775567662644,"input8":313.7782150774206,"input9":72.39212184853952,"input10":352.1389657479745,"input11":109.19816223501459,"input12":305.46905339112755,"input13":109.01513826544985,"input14":367.56528144226667,"input15":141.7002154790867,"input16":286.19856598316807,"input17":146.1683282982304,"input18":367.3321629871866,"input19":186.740095945362,"input20":279.99708982471367,"input21":181.36875323617198,"input22":346.3740423548291,"input23":195.3722436618619,"input24":303.3036711992111,"input25":192.430587679322,"input26":345.7717178671913,"input27":261.22517487226634,"input28":309.2148709436606,"input29":258.4224619131107,"input30":355.6638069970798,"input31":318.1562003568831,"input32":300.16827953256825,"input33":318.2615158943637},"ys":{"output0":"7512"}},{"xs":{"input0":302.8057905944467,"input1":77.50671654416803,"input2":305.7971827932733,