{"data":[{"xs":{"input0":323.2651402285689,"input1":135.94082153796217,"input2":332.5040565178408,"input3":131.9762279369213,"input4":320.66417285108656,"input5":129.35230070155035,"input6":333.4982549656204,"input7":136.2801062154491,"input8":322.0194935938071,"input9":133.48207529525308,"input10":343.81487692076325,"input11":159.24062580160694,"input12":308.24960823877046,"input13":159.52575713337978,"input14":356.8670040078563,"input15":185.42790968748096,"input16":295.78813221951907,"input17":186.9818003693519,"input18":351.84420877497564,"input19":218.94557049399924,"input20":298.4725439060501,"input21":220.0195633737664,"input22":340.7260805542706,"input23":222.65651978014967,"input24":307.7253211543806,"input25":223.51625765973364,"input26":343.0709383780496,"input27":280.63318769369437,"input28":305.58268377887805,"input29":280.01991539670706,"input30":353.0712141070449,"input31":314.79459855523953,"input32":302.97473929778874,"input33":328.34649366709687},"ys":{"output0":"639"}},{"xs":{"input0":320.37819689477396,"input1":140.3553870128609,"input2":323.86841980337397,"input3":134.99792623241046,"input4":318.8506316395066,"input5":134.5412717228047,"input6":329.58266587285266,"input7":136.59187391255102,"input8":309.02586291872734,"input9":134.56356948346888,"input10":342.0408377545154,"input11":156.54273525780866,"input12":301.26545034189206,"input13":155.34985071966753,"input14":350.3150899786698,"input15":182.5183236343354,"input16":291.1246720996284,"input17":188.5582681845503,"input18":353.69485598558566,"input19":208.85562907882598,"input20":309.5606361448648,"input21":185.48952634339207,"input22":335.5768512331719,"input23":221.5958342078136,"input24":306.5147593239827,"input25":221.20863871732416,"input26":331.35084780568496,"input27":278.4564839562012,"input28":312.71438211957843,"input29":263.92874020582053,"input30":346.9847508480674,"input31":303.0782551607426,"input32":306.02025796098314,"input33":307.8193646704244},"ys":{"output0":"1326"}},{"xs":{"input0":323.14100239476727,"input1":136.3684605529666,"input2":323.89192964133696,"input3":133.85590938099642,"input4":317.0141528689141,"input5":133.15601400929353,"input6":326.2546650847496,"input7":134.76506164431805,"input8":308.96463026080215,"input9":134.7823228148224,"input10":330.2160936024686,"input11":155.7659477843643,"input12":302.1411454050164,"input13":155.15065213625422,"input14":342.9273739939312,"input15":181.8143144871524,"input16":309.7853476169281,"input17":174.1872107076366,"input18":344.71491257814404,"input19":216.37865508973715,"input20":327.3319796140198,"input21":150.4662479155245,"input22":327.22812407198006,"input23":220.24022271526252,"input24":308.5427053351151,"input25":222.55474425198736,"input26":331.65581597222223,"input27":285.35770944219814,"input28":306.05255959791515,"input29":267.7512744806896,"input30":341.6514115956327,"input31":320.07769251892205,"input32":296.84515464143215,"input33":306.3526006330523},"ys":{"output0":"1505"}},{"xs":{"input0":328.8248938844915,"input1":146.42006976330254,"input2":333.98573282401696,"input3":141.476716307404,"input4":326.1061560201366,"input5":141.4254051342345,"input6":335.025366770129,"input7":139.67154926723902,"input8":317.3415809021591,"input9":136.44029554103082,"input10":343.40742828785557,"input11":161.1942770141839,"input12":309.1339585562663,"input13":156.6217549641927,"input14":349.275560341848,"input15":185.3397231074104,"input16":305.1414825855872,"input17":188.0618298030504,"input18":353.1392611676489,"input19":214.04208088478845,"input20":311.6120573047541,"input21":217.92090640895316,"input22":340.5700313278109,"input23":219.478354519106,"input24":313.5211354157148,"input25":212.0319296556142,"input26":337.82576845403304,"input27":278.46554456863254,"input28":306.83661239653765,"input29":273.40171531394674,"input30":338.4059865851151,"input31":321.2099725972374,"input32":305.66425226817586,"input33":308.27108104326567},"ys":{"output0":"1970"}},{"xs":{"input0":327.31327912031327,"input1":146.1022550646092,"input2":330.8309868111713,"input3":142.00711136905306,"input4":321.90182959127145,"input5":138.4451952036361,"input6":333.87620981673746,"input7":140.50519582588538,"input8":317.98541271663316,"input9":138.0099412944117,"input10":341.619722243638,"input11":160.90232507062467,"input12":326.07383891620594,"input13":160.8875173527827,"input14":355.7424331873248,"input15":183.6800677502132,"input16":299.95605349773086,"input17":187.07587898358497,"input18":351.1410016809058,"input19":214.78659289622163,"input20":294.37894170512,"input21":220.9194919519257,"input22":339.8439713714183,"input23":223.57674284520436,"input24":324.42312259190726,"input25":223.34423637761938,"input26":342.21521924113665,"input27":277.72877832602336,"input28":307.97056796722705,"input29":276.93496867694813,"input30":350.09662828947364,"input31":327.1044722588671,"input32":300.8268078958314,"input33":321.7906641077112},"ys":{"output0":"2551"}},{"xs":{"input0":329.2674409204524,"input1":133.51411191111185,"input2":331.79555658708534,"input3":131.12233747515762,"input4":325.8743342646846,"input5":129.7419340940479,"input6":334.71582959269915,"input7":133.32496360496236,"input8":318.2619000410708,"input9":130.21714387116606,"input10":345.1842714424951,"input11":155.04039563630755,"input12":307.2472668623599,"input13":152.56437513563367,"input14":354.6042256792154,"input15":179.81126086288958,"input16":292.65331067537005,"input17":182.91734186064662,"input18":354.06647829052065,"input19":214.9809345446135,"input20":297.5941898576465,"input21":219.10025074235642,"input22":339.5728691093638,"input23":217.78822053013255,"input24":303.93237851981297,"input25":216.98731182611476,"input26":338.4122644019173,"input27":269.45618179574114,"input28":305.70526361000697,"input29":265.51371226766184,"input30":340.7907669632523,"input31":302.92543050606116,"input32":301.1548224852564,"input33":307.3885748493276},"ys":{"output0":"3885"}},{"xs":{"input0":320.6457561173169,"input1":131.91553067510353,"input2":319.9000970569038,"input3":130.17385858308967,"input4":315.87720606991655,"input5":130.3453136094597,"input6":323.7344940364012,"input7":133.2888636300903,"input8":311.28606844599017,"input9":133.65155820493345,"input10":327.6053405226322,"input11":154.80760332668967,"input12":309.2533980754384,"input13":154.67498541343048,"input14":331.4163624427007,"input15":169.7413171615749,"input16":300.6930973283496,"input17":171.40545002898278,"input18":312.57160536262256,"input19":147.65197813394707,"input20":297.66653570282995,"input21":219.2709618283991,"input22":330.42343541195515,"input23":216.22502466391398,"input24":311.54690926535085,"input25":217.33661510326243,"input26":331.78859182733305,"input27":268.20177580180916,"input28":309.9942581741898,"input29":267.5523339284558,"input30":340.75661315323083,"input31":287.31476796765537,"input32":305.37412766127557,"input33":297.9634192394234},"ys":{"output0":"4624"}},{"xs":{"input0":313.7180987203795,"input1":142.93595758330287,"input2":317.5057248716001,"input3":138.6141329016137,"input4":309.33692220126443,"input5":140.87732846741557,"input6":313.77163892600964,"input7":136.88976890162417,"input8":308.5709978962502,"input9":136.9959566885965,"input10":324.4108721340841,"input11":150.19151587235297,"input12":308.79610109979876,"input13":154.50753909105447,"input14":327.0452631007858,"input15":173.23168243348715,"input16":291.96675915931866,"input17":183.47835310253714,"input18":319.26079146810906,"input19":210.0560747113144,"input20":296.7383654261658,"input21":208.7744963796515,"input22":321.79034703423866,"input23":216.34586416025144,"input24":307.60506494235807,"input25":211.86072187814096,"input26":327.9849119725515,"input27":275.04636560034794,"input28":302.7997355619137,"input29":267.27280317458957,"input30":335.91436940094644,"input31":290.48083448502985,"input32":302.4444972701937,"input33":298.3358987730149},"ys":{"output0":"4936"}},{"xs":{"input0":304.99966567487513,