{"data":[{"xs":{"input0":275.34293072497866,"input1":69.52535588374147,"input2":280.9214021262602,"input3":64.25904718291224,"input4":270.14164498907314,"input5":64.31999132182398,"input6":291.94056103801165,"input7":62.87764699835526,"input8":262.08395528514484,"input9":63.81918388500546,"input10":307.9066267998827,"input11":96.69773897464742,"input12":249.5880567167702,"input13":96.98878654494851,"input14":331.9497537891767,"input15":140.6959631847359,"input16":228.96290323655273,"input17":141.84653269152426,"input18":337.8713962488007,"input19":188.44375342653507,"input20":219.69813084741781,"input21":179.86949496799042,"input22":292.33422530324833,"input23":185.44030797411824,"input24":250.78388831304062,"input25":184.2042654531973,"input26":302.61492753354196,"input27":244.5875582035057,"input28":249.35235393442372,"input29":241.09310023733514,"input30":307.66973127398575,"input31":300.90214125129444,"input32":243.17427309865374,"input33":291.22282091404725},"ys":{"output0":"1229"}},{"xs":{"input0":153.32463374147173,"input1":77.95396994429024,"input2":158.28241790711996,"input3":70.5564544261315,"input4":148.24003758718627,"input5":69.804519742553,"input6":161.4172846624958,"input7":70.88496931347464,"input8":131.66936565793281,"input9":67.41253233792489,"input10":168.1654259754203,"input11":102.48115911353634,"input12":114.45834749158594,"input13":93.54244358590702,"input14":211.21890954804002,"input15":130.3975970470882,"input16":89.90714684796843,"input17":125.68067346167612,"input18":230.75285378022963,"input19":106.60281651666057,"input20":104.86853170116045,"input21":125.1002570853131,"input22":155.23588868377269,"input23":189.52457301565545,"input24":112.45539555540326,"input25":194.02869152046782,"input26":168.23511670207418,"input27":246.50557073700958,"input28":105.78696446112025,"input29":253.61208850644948,"input30":179.7630235419171,"input31":297.4613191184477,"input32":104.90573042782194,"input33":314.9921555546989},"ys":{"output0":"3406"}},{"xs":{"input0":265.61432301184817,"input1":84.8869183932596,"input2":263.9727027699729,"input3":77.64758416783738,"input4":275.63977931210405,"input5":93.83607860661854,"input6":245.11983949538558,"input7":71.76775183129263,"input8":264.5548460962247,"input9":77.96262194538673,"input10":248.39643749809636,"input11":99.17415031447976,"input12":258.073976304796,"input13":94.29033781352794,"input14":254.97339319299766,"input15":122.61398821081565,"input16":272.4760981331095,"input17":121.83287220856369,"input18":259.9641842684086,"input19":143.7315095005444,"input20":275.98019248560854,"input21":129.33702792340551,"input22":251.29420944124632,"input23":196.9850413004557,"input24":231.40670925088327,"input25":186.70481482909202,"input26":260.14843366299453,"input27":267.2456922029194,"input28":213.4458194606253,"input29":260.399640996089,"input30":256.2378155743634,"input31":328.94522088777717,"input32":163.66338718704313,"input33":329.1797279521503},"ys":{"output0":"4992"}},{"xs":{"input0":294.0582061232182,"input1":72.67211140712567,"input2":299.7049906844052,"input3":66.79688749257582,"input4":288.5689903095684,"input5":66.32834986636513,"input6":307.9599683140686,"input7":67.43356626633314,"input8":279.13242302907605,"input9":67.12771529110319,"input10":319.1827174887555,"input11":103.39974446138675,"input12":265.2312328197338,"input13":99.29080853452922,"input14":339.00576385141113,"input15":147.23202829937253,"input16":247.88169697246587,"input17":142.4587182831346,"input18":343.0506355627703,"input19":188.23374846757736,"input20":239.45636329130355,"input21":182.9657360173573,"input22":312.29766667237755,"input23":187.29794091416147,"input24":270.8382815831353,"input25":187.70182767574317,"input26":314.6704752961097,"input27":244.35365137765746,"input28":271.5007390845821,"input29":239.95451869555615,"input30":318.5516926280239,"input31":298.35930554722717,"input32":258.0401449222081,"input33":297.31650294848583},"ys":{"output0":"8714"}},{"xs":{"input0":407.64123808803146,"input1":72.46538188257645,"input2":409.87058821709763,"input3":63.31116139075445,"input4":407.4526686045626,"input5":61.76326104772019,"input6":415.38960239343476,"input7":65.12258369787858,"input8":413.08522185386965,"input9":64.56158405623705,"input10":442.35408552441214,"input11":98.62075991565487,"input12":388.1860982140137,"input13":98.57638755039861,"input14":466.2348215203536,"input15":129.85299450612206,"input16":349.08442566036945,"input17":128.6635382877223,"input18":470.39855481123595,"input19":151.45588657312226,"input20":330.6897484256975,"input21":95.02828229937637,"input22":429.857410929124,"input23":186.02903072364614,"input24":388.4980116578338,"input25":185.4995091012579,"input26":424.58268015008224,"input27":250.5382801078216,"input28":375.91554756982515,"input29":241.1594099375704,"input30":437.47957835652903,"input31":304.10206458257187,"input32":359.45747399655465,"input33":286.48521140769674},"ys":{"output0":"10547"}},{"xs":{"input0":285.32485932169834,"input1":66.48206208881578,"input2":290.055816828856,"input3":58.11287312944498,"input4":283.82785224542744,"input5":58.47353044773865,"input6":302.40099395692465,"input7":50.03495184766385,"input8":289.4094527395148,"input9":53.10183341043037,"input10":310.27414184332355,"input11":89.40293220981053,"input12":304.21680502491853,"input13":77.5227529960766,"input14":294.78933531406096,"input15":93.63753052947581,"input16":297.3991460967482,"input17":97.59939688223378,"input18":273.02992733366074,"input19":83.03965815791375,"input20":265.5804734852811,"input21":104.20489513850814,"input22":335.03925018607987,"input23":191.03788914968624,"input24":308.7056311296905,"input25":193.9490251745629,"input26":357.322964287176,"input27":264.21444957948796,"input28":292.5739161917108,"input29":251.31991321348073,"input30":389.0400216918707,"input31":340.8787487543117,"input32":299.97054812039084,"input33":319.72354312621593},"ys":{"output0":"12124"}}]}