{"data":[{"xs":{"input0":320.27358220567015,"input1":144.71672310931405,"input2":323.0723235667565,"input3":140.4904186702379,"input4":318.42053173578273,"input5":140.3727519163611,"input6":327.3920457033153,"input7":140.17928407903304,"input8":318.42838317097744,"input9":140.05143438863473,"input10":344.7510711491456,"input11":159.15784800494157,"input12":303.0481319910834,"input13":161.11939829924881,"input14":364.48295846087655,"input15":184.53159919723896,"input16":282.33609918962446,"input17":189.7469813177692,"input18":358.81535323739746,"input19":208.51165355065177,"input20":276.5139006081148,"input21":225.10185197082876,"input22":341.6620476854707,"input23":222.92465507403216,"input24":314.8525388245462,"input25":221.8124574062652,"input26":340.8069903576351,"input27":275.79010009765625,"input28":307.53850806758646,"input29":274.6713970697414,"input30":343.3297976369281,"input31":320.20818758661517,"input32":293.10502556099993,"input33":319.8134285850599},"ys":{"output0":"2251"}},{"xs":{"input0":299.7215174327352,"input1":150.7922619081612,"input2":303.79964133219875,"input3":144.93009808932595,"input4":296.91848338463615,"input5":143.96309687147829,"input6":310.5248297678332,"input7":137.44103727284926,"input8":299.05514759859375,"input9":137.05575909530904,"input10":329.71336915014314,"input11":153.1033842744883,"input12":291.8424901534707,"input13":157.94405128523618,"input14":349.0137849030671,"input15":178.82363291511757,"input16":283.43350594503835,"input17":186.3039881537067,"input18":355.10612294455484,"input19":205.4183240150615,"input20":288.6805502015945,"input21":212.44599578441,"input22":328.9835028992294,"input23":216.55439469781766,"input24":303.18659851193195,"input25":220.4740632114819,"input26":332.01059560794346,"input27":266.998132776331,"input28":298.82947449563306,"input29":271.01673743413437,"input30":340.300592641849,"input31":295.22294369822123,"input32":297.88296987671134,"input33":307.20482422826814},"ys":{"output0":"5125"}}]}