{"data":[{"xs":{"input0":337.0724020320305,"input1":129.34668408964575,"input2":334.7099554050735,"input3":126.57449049326874,"input4":333.107169524968,"input5":126.57740959182354,"input6":323.68595829716435,"input7":126.25004342657314,"input8":326.1156750654849,"input9":125.74137726722404,"input10":317.4535636083889,"input11":148.90606915509255,"input12":335.58348211396276,"input13":151.9330173068576,"input14":298.63756287632395,"input15":178.05840698599116,"input16":342.6609504803812,"input17":180.78352677194692,"input18":297.6515777766356,"input19":197.89967274805258,"input20":336.72667326750576,"input21":198.16001802857159,"input22":311.90361156798247,"input23":205.5448244329084,"input24":325.6094604254233,"input25":208.94868192616957,"input26":302.902506034509,"input27":252.7020180388036,"input28":336.2849851611994,"input29":260.2562812522605,"input30":296.54096904553865,"input31":303.3613952279788,"input32":340.27642456411616,"input33":293.83878592626854},"ys":{"output0":"2419"}},{"xs":{"input0":304.3823075619822,"input1":131.73912420142693,"input2":309.10406220493724,"input3":125.88575634575261,"input4":305.9517611676489,"input5":125.88272005493877,"input6":322.77334915964224,"input7":129.3327869913499,"input8":309.8157345063505,"input9":129.80036625852824,"input10":330.7634468896579,"input11":151.44431071439448,"input12":315.02116063882033,"input13":151.349948935109,"input14":340.1740911829541,"input15":180.72441606726096,"input16":311.46903411686765,"input17":181.41474792599445,"input18":341.1342095863982,"input19":199.47795194956757,"input20":300.62393991570724,"input21":207.5173361259594,"input22":336.85370149668194,"input23":207.8004779778493,"input24":321.6444444563421,"input25":207.47570729395102,"input26":339.99933075486564,"input27":251.86126352053634,"input28":312.5644057721887,"input29":254.17979219968322,"input30":348.3437450029696,"input31":295.11757744683155,"input32":301.5385347779034,"input33":302.6848345007348},"ys":{"output0":"6031"}}]}