{"data":[{"xs":{"input0":251.92964728580347,"input1":94.26562630874602,"input2":254.30632176687377,"input3":87.0875010945876,"input4":250.36115084939996,"input5":89.14388139810245,"input6":255.33372042471902,"input7":90.43254770498294,"input8":238.7932023760403,"input9":88.74659726029483,"input10":252.51663356728952,"input11":109.52132792035971,"input12":221.1694680970547,"input13":107.0510489480537,"input14":265.2048645614416,"input15":128.7613016169438,"input16":210.31105681004811,"input17":125.2285802294636,"input18":280.7621488515396,"input19":122.13112189755799,"input20":225.9190609580592,"input21":130.55313378049613,"input22":243.9829532258924,"input23":173.86047660723528,"input24":220.15159874631647,"input25":170.514465688962,"input26":253.8622285422758,"input27":210.3232852571424,"input28":210.2807777806332,"input29":214.79838975456488,"input30":250.35241794400278,"input31":258.70919043557683,"input32":200.1223446286445,"input33":242.21595511334215},"ys":{"output0":"1486"}},{"xs":{},"ys":{"output0":"2819"}},{"xs":{"input0":319.3260297719498,"input1":88.73825221963327,"input2":324.3960000199881,"input3":84.68046489514802,"input4":320.29180575067767,"input5":84.48647244399518,"input6":333.83008098044587,"input7":86.88791553876553,"input8":322.2264750519691,"input9":86.14276908294497,"input10":349.8981307775189,"input11":101.2222681175663,"input12":315.10698939392205,"input13":105.3727338467425,"input14":370.1703077171281,"input15":116.15596451489779,"input16":308.2129334566886,"input17":133.9736890885797,"input18":350.45374641641536,"input19":129.14932042766964,"input20":316.03557118198324,"input21":143.1679613734314,"input22":348.7650850827698,"input23":165.60924567209582,"input24":324.6316748427601,"input25":165.7501185010051,"input26":357.3996056450738,"input27":209.85566315827543,"input28":320.1619570994238,"input29":207.59289241441274,"input30":363.6285486648887,"input31":236.37433325338083,"input32":313.673193859078,"input33":237.62173836691335},"ys":{"output0":"7833"}},{"xs":{},"ys":{"output0":"8966"}}]}