{"data":[{"xs":{"input0":321.4522449872647,"input1":142.87455597816154,"input2":323.7564919752452,"input3":141.0973420617176,"input4":319.88439340572836,"input5":139.03685876500538,"input6":328.0393562539976,"input7":143.85571842305143,"input8":317.08399439880486,"input9":141.9306962160107,"input10":331.9648561235989,"input11":169.39092515272472,"input12":301.44136246649606,"input13":166.82874237120035,"input14":348.88281255205237,"input15":193.7549797786839,"input16":296.43148381342894,"input17":190.81961246958946,"input18":345.64105058041696,"input19":224.6937314158062,"input20":290.8690473768446,"input21":224.75222106100756,"input22":328.43375460678607,"input23":225.93905562313444,"input24":304.0489883869015,"input25":227.10231907418824,"input26":333.0677721049586,"input27":270.17677530210614,"input28":306.1987584283245,"input29":275.92934234797605,"input30":341.5143452843262,"input31":315.9306148060581,"input32":297.82159340544285,"input33":317.57786488672446},"ys":{"output0":"907"}},{"xs":{"input0":320.5529337505616,"input1":147.46572007445099,"input2":323.34973816750806,"input3":142.23629778588725,"input4":318.2578915601585,"input5":141.55509963602583,"input6":329.41050462555467,"input7":144.08050596597832,"input8":309.62372093869925,"input9":146.24140302572567,"input10":337.8167177315576,"input11":160.35509209883838,"input12":307.44696856939305,"input13":166.90787138762295,"input14":347.83127649020963,"input15":188.6795082612809,"input16":310.7857134188825,"input17":193.79117255554792,"input18":347.7268309714036,"input19":222.9798202068485,"input20":316.0009679366738,"input21":223.25688323082278,"input22":340.2364264594184,"input23":225.53748772158258,"input24":312.49730576781036,"input25":223.96048860010808,"input26":337.14449103580347,"input27":276.36733979044834,"input28":303.463235003674,"input29":278.6980891831902,"input30":338.6528168319494,"input31":312.99266882110055,"input32":302.8059387207031,"input33":309.2725284383078},"ys":{"output0":"1305"}},{"xs":{"input0":319.8894321523447,"input1":142.98136036298428,"input2":323.49695692750214,"input3":140.95489948116546,"input4":318.7700685051217,"input5":140.1233064082631,"input6":332.3269870453178,"input7":143.01454332139758,"input8":315.2031465348212,"input9":142.6482488026163,"input10":338.12980711343926,"input11":164.2781385157773,"input12":317.54170572083825,"input13":169.10487537495572,"input14":339.9729186981974,"input15":195.49375032123766,"input16":307.2821938735932,"input17":188.18294056674887,"input18":345.4223397833097,"input19":220.82801818847656,"input20":297.49983655546606,"input21":153.53178682383037,"input22":334.5528725666842,"input23":222.33177021465337,"input24":318.1177870246634,"input25":224.35593305740207,"input26":338.12740898504126,"input27":273.4945286087125,"input28":316.0235075179132,"input29":273.7194850988555,"input30":340.9569171808849,"input31":316.78158483077675,"input32":306.81271856058873,"input33":312.12502938729745},"ys":{"output0":"1647"}},{"xs":{"input0":314.2734704566048,"input1":143.22218391165632,"input2":320.50217537387306,"input3":142.37974021867,"input4":312.04188653600147,"input5":139.9906602751674,"input6":329.8661961843628,"input7":144.4652737325627,"input8":311.6007268359089,"input9":141.83864392732318,"input10":330.2716840777481,"input11":165.1017785025851,"input12":308.9061156304491,"input13":165.66412734241743,"input14":342.591807047526,"input15":192.91567380432957,"input16":301.9201743440089,"input17":185.33290900217395,"input18":343.21502150150764,"input19":219.05154471741315,"input20":299.8034799958762,"input21":166.36285525316384,"input22":331.2453456231725,"input23":224.08329389248672,"input24":310.07772189134744,"input25":222.4801817181979,"input26":338.11582740054956,"input27":275.7147395262244,"input28":307.9312948780915,"input29":273.82136413693195,"input30":338.84228250901367,"input31":316.0205417209201,"input32":308.7670464171768,"input33":305.0854706345943},"ys":{"output0":"2103"}},{"xs":{"input0":321.46976344534295,"input1":138.6504393014294,"input2":323.87899863557277,"input3":134.43227370115284,"input4":316.20052464059455,"input5":133.12586585448264,"input6":328.156325728805,"input7":137.8951150399667,"input8":311.30294323897033,"input9":135.48756619875422,"input10":336.63442451819105,"input11":157.85922104387487,"input12":302.283763625236,"input13":157.95503850568804,"input14":342.9840385332907,"input15":191.61534939593042,"input16":296.003385250099,"input17":189.92417991742286,"input18":344.4603254827607,"input19":219.89449748286495,"input20":293.9837479916697,"input21":217.16795714975098,"input22":328.31537027340414,"input23":221.5730125025699,"input24":305.62107078745584,"input25":220.7744879471628,"input26":331.49436430159597,"input27":264.09795214558204,"input28":302.2516481871726,"input29":267.3062814931888,"input30":342.44750500654845,"input31":308.06419863338357,"input32":297.8630553723311,"input33":306.2429503204762},"ys":{"output0":"3611"}},{"xs":{"input0":318.59275609661495,"input1":133.09279324715595,"input2":320.9885161104258,"input3":130.06365592019597,"input4":316.68800725806756,"input5":129.08270268877112,"input6":326.24340719182123,"input7":133.14406634771336,"input8":309.25891171654297,"input9":131.70258163243938,"input10":331.8430307548181,"input11":155.86874086257308,"input12":299.6679715385214,"input13":154.34248717904785,"input14":332.33131780494256,"input15":187.86946004826655,"input16":289.7548908285695,"input17":183.49998340272066,"input18":326.79933306301774,"input19":211.88712493718015,"input20":291.2623643782171,"input21":212.661053692853,"input22":324.60596155237266,"input23":213.03153411686765,"input24":302.0599305745918,"input25":215.4722904554817,"input26":321.550692879898,"input27":263.64901269388474,"input28":294.97001781798247,"input29":264.9670933654666,"input30":335.8619193212795,"input31":304.4185741045321,"input32":292.58020650108887,"input33":301.31726895159443},"ys":{"output0":"4286"}},{"xs":{"input0":323.7890967058624,"input1":134.0854039480347,"input2":324.4983023184317,"input3":130.4356193914283,"input4":320.98434403625845,"input5":130.4779178403739,"input6":328.1791431211356,"input7":131.59277828580917,"input8":314.51111226518714,"input9":133.14093041373508,"input10":333.2094515973364,"input11":152.0434829087285,"input12":302.544872737535,"input13":150.87926719620907,"input14":335.70094415318897,"input15":172.13773165994684,"input16":300.2249093455413,"input17":171.22829504180373,"input18":319.9383647539462,"input19":168.72142516613934,"input20":289.062756134985,"input21":212.39774915907117,"input22":326.0166824073122,"input23":209.67222767731363,"input24":302.1570097865649,"input25":211.6349289803012,"input26":330.85517570986383,"input27":248.08899520665813,"input28":296.53935155440956,"input29":258.8870887681987,"input30":334.3588328222085,"input31":288.44295196830643,"input32":296.82547972680993,"input33":298.4933061209338},"ys":{"output0":"4422"}},{"xs":{"input0":321.2030160171479,"input1":128.21569580316077,"input2":324.15475231862206,"input3":125.03739533600981,"input4":317.83813179120216,"input5":124.67449136180022,"input6":326.8479143109238,"input7":126.13553677386011,"input8":309.70868681374117,"input9":127.52690633138019,"input10":335.35049884639983,"input11":149.2719643018399,"input12":300.5594243129559,"input13":145.92742265548856,"input14":342.41608558342466,"input15":171.7338066770319,"input16":288.4863266377886,"input17":177.75889063903924,"input18":331.15656609191296,"input19":163.24559083458973,"input20":286.81689048603494,"input21":207.55639267711376,"input22":326.82046038830254,"input23":210.14799783569094,"input24":301.2894902220014,"input25":208.69841689022428,"input26":328.94147092138815,"input27":263.0435942116304,"input28":298.0915886059142,"input29":255.85515161703898,"input30":330.0817912735669,"input31":296.0658151132089,"input32":294.4689884892216,"input33":297.26828770330775},"ys":{"output0":"5491"}},{"xs":{"input0":321.0867452342608,