{"data":[{"xs":{"input0":288.005249737299,"input1":56.30306697495962,"input2":292.90769521255936,"input3":49.71837510374786,"input4":282.0077377824988,"input5":50.1266354566429,"input6":301.5366342704431,"input7":52.32186241224261,"input8":273.1821148669743,"input9":51.8488203201145,"input10":321.3681184943424,"input11":87.16338337978192,"input12":259.62339888306855,"input13":84.97780247738487,"input14":344.9263562654194,"input15":122.54529391580621,"input16":232.6725534063566,"input17":119.23406257034509,"input18":333.53716517517205,"input19":151.683494166324,"input20":243.38385985376308,"input21":150.48910397535178,"input22":312.55411902831077,"input23":182.6243778697231,"input24":272.55794711047906,"input25":183.2863386425591,"input26":327.54818208036363,"input27":250.15934042530915,"input28":268.91974436144613,"input29":254.75383260329096,"input30":327.44232832107394,"input31":300.58384424994097,"input32":265.995586313467,"input33":312.0343457792702},"ys":{"output0":"269"}},{"xs":{"input0":390.2525790625381,"input1":66.51446009704708,"input2":395.0125511719702,"input3":57.526273374204266,"input4":389.41228141561584,"input5":58.749987730505865,"input6":411.3625735753228,"input7":55.90336344163086,"input8":390.49377143963966,"input9":58.61455170034665,"input10":433.29195078353433,"input11":85.28734173691063,"input12":392.9134114583333,"input13":87.72846660651192,"input14":480.0066553454185,"input15":117.1949034871181,"input16":401.86608357271484,"input17":138.1786648339463,"input18":453.49579928214087,"input19":152.99722831384014,"input20":388.36561176976727,"input21":176.72564114278748,"input22":431.07743112664474,"input23":179.15425027323045,"input24":396.65289627878286,"input25":181.50864405938756,"input26":425.72938379953246,"input27":244.3936175073099,"input28":387.26456313105354,"input29":243.01984523007275,"input30":430.58521352548576,"input31":313.8331047786839,"input32":397.20037568149974,"input33":283.06097287183616},"ys":{"output0":"1573"}},{"xs":{"input0":484.980603788796,"input1":85.3878064369365,"input2":485.2247461984497,"input3":76.8018449630886,"input4":486.7157553511056,"input5":77.65398601807115,"input6":500.0212659333881,"input7":71.01776777419894,"input8":492.81483611168215,"input9":74.73814668711165,"input10":522.5581844694201,"input11":92.2618456983659,"input12":506.8403003833912,"input13":97.71268833450407,"input14":565.0339066354852,"input15":116.57048394573127,"input16":509.92020515902925,"input17":140.72834334643028,"input18":535.0427353172971,"input19":152.9437779357791,"input20":518.8383803916024,"input21":161.06387132789655,"input22":539.819384420592,"input23":172.7457872654727,"input24":528.3435665376005,"input25":173.4546070954023,"input26":517.7378748546101,"input27":245.39322464554397,"input28":523.9675254896138,"input29":245.30111688387092,"input30":510.4714061595775,"input31":313.3173559237177,"input32":561.2705285739712,"input33":289.5064569960328},"ys":{"output0":"2215"}},{"xs":{"input0":297.7336055168167,"input1":64.32030482598913,"input2":301.9569887752421,"input3":56.88747145743861,"input4":292.51899763854624,"input5":57.17941968296935,"input6":310.76228864941214,"input7":56.76211976168446,"input8":284.04107612476014,"input9":55.02896106266371,"input10":325.08219520018577,"input11":90.37816097861841,"input12":263.36690356159767,"input13":86.0376732065896,"input14":356.65084898355644,"input15":126.89420108906705,"input16":238.78882960269326,"input17":124.93220338579738,"input18":336.2010823448731,"input19":160.71779232508487,"input20":254.24962569863243,"input21":156.35882401791696,"input22":314.69349584151894,"input23":181.73277470103477,"input24":275.34167730320263,"input25":181.32447166517233,"input26":320.3207711262545,"input27":253.33151417633707,"input28":267.0655498541819,"input29":268.5820985909326,"input30":327.51921953048856,"input31":309.64279204548916,"input32":259.2699940069842,"input33":322.3547095583196},"ys":{"output0":"6257"}},{"xs":{"input0":269.2319427549723,"input1":76.74173158047026,"input2":273.49855062324866,"input3":69.68088964272658,"input4":261.6569832844576,"input5":70.00335217451723,"input6":283.7377052232768,"input7":72.18538221095272,"input8":248.8408995511239,"input9":68.44717579743084,"input10":297.584272834525,"input11":107.4520981102659,"input12":233.33167420028477,"input13":105.78212507519339,"input14":323.14959401508054,"input15":146.13807544373628,"input16":202.78837772837855,"input17":135.2104201883833,"input18":306.92347059937714,"input19":181.38187044080468,"input20":224.51498942533198,"input21":175.21704571521303,"input22":287.6405242265549,"input23":200.12151409543281,"input24":239.91093834473608,"input25":199.6735507749442,"input26":311.0645810251812,"input27":256.6834855404978,"input28":206.08412952683358,"input29":266.3776271292108,"input30":334.5455340707046,"input31":300.53079155221087,"input32":165.86728577492994,"input33":314.47057564123793},"ys":{"output0":"6936"}},{"xs":{"input0":127.3836102402001,"input1":83.23050307483933,"input2":124.27435534739354,"input3":75.69806580422681,"input4":125.09776154456779,"input5":76.12533569335938,"input6":111.79505405835008,"input7":72.14522809777807,"input8":109.6883554440028,"input9":72.04076160929122,"input10":111.18310880010355,"input11":107.88154706155578,"input12":86.26444498697916,"input13":99.66965658622874,"input14":103.27021846064814,"input15":154.68720731679457,"input16":39.61057666681896,"input17":127.7308889764559,"input18":90.94584623043067,"input19":168.47293370416054,"input20":74.24206947490254,"input21":161.35457089072776,"input22":89.94528013827973,"input23":187.5040761490314,"input24":84.03223108362268,"input25":187.98413133528265,"input26":96.3110268278661,"input27":252.41497076975207,"input28":95.71038140190971,"input29":253.35692586025067,"input30":92.43441159729836,"input31":319.6631613762987,"input32":93.05701123808326,"input33":319.58871755916005},"ys":{"output0":"8425"}},{"xs":{"input0":291.94411785281886,"input1":72.63800845973438,"input2":297.2479071068717,"input3":64.07802499990481,"input4":286.64542571843015,"input5":62.52638907925194,"input6":303.41738338358914,"input7":61.9244218197947,"input8":278.24893468072304,"input9":60.71356150606687,"input10":321.9073066934507,"input11":92.39739728485165,"input12":257.8227009317796,"input13":93.36194371154664,"input14":345.18315484416877,"input15":130.18711380094112,"input16":232.5882130524336,"input17":126.05990761204771,"input18":326.1764347901818,"input19":168.1511529100801,"input20":248.8338037680464,"input21":161.185512728626,"input22":311.35783829419466,"input23":180.90851588555944,"input24":270.5046268931606,"input25":181.86443440398278,"input26":312.2589426616944,"input27":253.89961941665143,"input28":264.0114574172111,"input29":248.80064371268884,"input30":315.4577345225314,"input31":313.26804772687467,"input32":250.40753459372715,"input33":310.1806688215765},"ys":{"output0":"11124"}}]}