{"data":[{"xs":{"input0":345.75363664831565,"input1":93.83413928294041,"input2":351.9210244340506,"input3":88.0202671519497,"input4":342.9454691925941,"input5":85.3076088591161,"input6":359.7258954113222,"input7":91.27543949476691,"input8":335.7164337574622,"input9":86.78996214392589,"input10":368.5585958915844,"input11":118.5481575265033,"input12":324.6901936373051,"input13":117.87467822693941,"input14":392.14379531830605,"input15":155.3049809565553,"input16":315.3131627014041,"input17":167.31441401133992,"input18":402.239216884442,"input19":195.77086450528446,"input20":308.1968894200018,"input21":214.63237799631457,"input22":370.69515904952675,"input23":207.17391640586925,"input24":331.1664676480358,"input25":210.04004093638633,"input26":384.69357109441626,"input27":273.34793655960647,"input28":333.5638519941482,"input29":283.52417051675957,"input30":395.48800343890866,"input31":330.4904417220147,"input32":334.0689497384411,"input33":329.2317315709521},"ys":{"output0":"2594"}},{"xs":{"input0":364.86353229128594,"input1":91.96404767547665,"input2":365.4155934949135,"input3":80.4747834679676,"input4":358.8786115888034,"input5":78.7886259290907,"input6":375.7205717744883,"input7":79.6603791569641,"input8":361.45919472618175,"input9":77.06180267631424,"input10":390.6412242867096,"input11":113.54984454476576,"input12":329.2129843788072,"input13":112.23589564392208,"input14":407.4665969342981,"input15":168.90464083725482,"input16":324.9461605674342,"input17":169.02662132218563,"input18":411.2528257016782,"input19":208.19246541222168,"input20":324.11268029761357,"input21":209.84167701319643,"input22":383.23888291624786,"input23":207.59342245655915,"input24":329.6253595482304,"input25":199.6250912552921,"input26":391.6596483673036,"input27":276.29176089638156,"input28":344.92109570122136,"input29":255.30596578795075,"input30":399.62359233209264,"input31":336.53039616218547,"input32":338.09017278065227,"input33":314.92858381066867},"ys":{"output0":"4477"}},{"xs":{"input0":362.6438005532902,"input1":74.46714167009318,"input2":367.7987931160434,"input3":71.4854523359451,"input4":357.33521147313405,"input5":69.73975673288862,"input6":369.1090033161245,"input7":75.62562968531083,"input8":347.4779917993973,"input9":74.42343193188046,"input10":375.9776151482357,"input11":106.32736592729654,"input12":344.77376896967894,"input13":106.76326759145039,"input14":399.4401291518183,"input15":115.55770338627329,"input16":328.37643271998354,"input17":118.95322736476129,"input18":400.65053051210515,"input19":79.8871521828932,"input20":333.93345317877754,"input21":65.0702891805251,"input22":377.0055837054931,"input23":195.56439672994333,"input24":343.05006834033867,"input25":190.66936589588664,"input26":388.7722477903608,"input27":269.5396670960543,"input28":345.67168178149365,"input29":234.88948829457541,"input30":393.10166386832964,"input31":320.05999589291696,"input32":336.3374965139764,"input33":316.34868123610346},"ys":{"output0":"5473"}},{"xs":{"input0":368.13382689715826,"input1":84.44097329301442,"input2":383.119588632565,"input3":83.83496290061905,"input4":361.98055245025813,"input5":82.90212173908077,"input6":389.2645156592653,"input7":88.7605998762402,"input8":351.689943756044,"input9":80.2352223387006,"input10":382.0098020319353,"input11":106.80644580030534,"input12":338.3986623663651,"input13":105.1014465569985,"input14":385.46386897215365,"input15":142.65785618832234,"input16":338.50491440087035,"input17":148.5229640908641,"input18":377.35566077873716,"input19":109.04987298024793,"input20":347.14972245065786,"input21":121.29823680974351,"input22":380.7341843692415,"input23":186.6038304973996,"input24":345.03185725816274,"input25":188.6339344522874,"input26":389.07082524215963,"input27":272.24956014235346,"input28":333.82301910578855,"input29":264.4662314967105,"input30":393.72555559838725,"input31":324.0223167374817,"input32":333.7952014112565,"input33":325.33467967607817},"ys":{"output0":"6805"}},{"xs":{"input0":343.208031012998,"input1":67.76382059614096,"input2":348.296545746266,"input3":63.24838619715521,"input4":339.32978396759626,"input5":62.370812488578196,"input6":357.23430730213664,"input7":69.09716273376583,"input8":328.7559832002219,"input9":67.51398157190391,"input10":365.1998330278006,"input11":99.5804978718302,"input12":317.75110374881973,"input13":98.26819258126596,"input14":378.29570562054073,"input15":134.06781112938597,"input16":297.3034120674951,"input17":148.516867862575,"input18":372.06057959365097,"input19":182.36983033416328,"input20":306.31923147577055,"input21":187.4557367217006,"input22":352.67720837806866,"input23":188.14617090057908,"input24":328.8243266620599,"input25":189.07868076718574,"input26":356.5880276864035,"input27":250.8398953562359,"input28":327.06537748637953,"input29":251.2940052471198,"input30":348.1512629637244,"input31":306.8920026931614,"input32":321.74254895186095,"input33":308.1121766683418},"ys":{"output0":"9602"}},{"xs":{"input0":315.45460661949465,"input1":77.39000852112648,"input2":319.19519485785946,"input3":67.08218639589424,"input4":306.2348128945274,"input5":67.57848356667085,"input6":325.1542803372091,"input7":64.87758643910666,"input8":303.6799654300682,"input9":65.30349344770346,"input10":342.45227419609677,"input11":101.2031855592486,"input12":285.2707596271359,"input13":100.34211112277083,"input14":354.8950076335587,"input15":146.4089894434165,"input16":272.2008045932703,"input17":148.10155351724308,"input18":348.7220582720364,"input19":188.97428516291268,"input20":276.65246201305126,"input21":185.36342628285666,"input22":332.03217385572765,"input23":192.13380274484496,"input24":288.71095244647466,"input25":193.08547676190528,"input26":347.312729149534,"input27":254.11270706741897,"input28":282.50435961152607,"input29":259.4240164617349,"input30":348.40970587776883,"input31":313.45478615565605,"input32":278.0160034655595,"input33":309.4936633714226},"ys":{"output0":"13488"}},{"xs":{"input0":308.02901061654785,"input1":65.37174812302021,"input2":316.22287980761905,"input3":59.34335511562651,"input4":308.99742728785463,"input5":57.38769040470234,"input6":327.43478399503533,"input7":60.79638929162573,"input8":292.678232174403,"input9":58.4851646051537,"input10":332.19249970731676,"input11":89.37349732159171,"input12":295.0307025872243,"input13":86.90344470286229,"input14":337.9775197882401,"input15":135.3882407026681,"input16":294.23574644687346,"input17":126.55046816225405,"input18":324.49078773662126,"input19":82.62370089108947,"input20":296.943067137958,"input21":81.5701401024534,"input22":325.53018253913865,"input23":180.31657733880053,"input24":297.9171821341412,"input25":171.37970372250203,"input26":341.2103673031455,"input27":249.6646088419834,"input28":293.4282483552631,"input29":249.70487419857147,"input30":354.84245315165083,"input31":315.5565115350496,"input32":271.7445697747243,"input33":305.8875198810421},"ys":{"output0":"15379"}},{"xs":{"input0":348.44137775502935,"input1":46.05272676047758,"input2":354.8128594292535,"input3":41.12322355571544,"input4":347.7158287301166,"input5":38.766631262111844,"input6":358.54846694083705,"input7":43.171276070221126,"input8":335.5594011868185,"input9":40.15466240182025,"input10":368.82088603564404,"input11":73.49280671534248,"input12":325.59521531965765,"input13":72.10696512263186,"input14":387.4239194695248,"input15":114.83952394005846,"input16":303.2244075901559,"input17":119.80075224565945,"input18":386.53842859100877,"input19":158.27656840720368,"input20":315.8969342267072,"input21":174.7394979673984,"input22":355.14880799410633,"input23":166.0554031461303,"input24":333.93185026232027,"input25":169.380721599735,"input26":358.4775309720699,"input27":237.05649972659103,"input28":337.46138128388463,"input29":239.0880259947005,"input30":356.2460847672431,"input31":289.3198143436662,"input32":337.7562869780245,"input33":283.0375171683685},"ys":{"output0":"19047"}}]}