{"data":[{"xs":{"input0":333.0856525502939,"input1":134.5125956098471,"input2":337.0034849527519,"input3":130.27155706989367,"input4":329.9746442352354,"input5":130.66058420995523,"input6":342.23330046001234,"input7":129.86531516032375,"input8":325.9164815385904,"input9":131.64784808837413,"input10":352.5370993809393,"input11":151.68981778923762,"input12":314.13777133874726,"input13":153.66336101212232,"input14":363.19233290168506,"input15":181.80793271427262,"input16":303.5185890123393,"input17":183.9184341281943,"input18":363.5274254276506,"input19":207.5332052665844,"input20":307.7100323236476,"input21":210.7885676750198,"input22":348.60939189472157,"input23":210.7305134853192,"input24":324.43933141161824,"input25":213.4112530981588,"input26":356.3494721351311,"input27":253.6055632176687,"input28":321.2948477523833,"input29":261.08323957952604,"input30":357.32166654649996,"input31":291.3262064972816,"input32":318.13126309340925,"input33":305.10330586870276},"ys":{"output0":"1807"}},{"xs":{"input0":325.7450839929413,"input1":132.7745362517894,"input2":329.98012371695296,"input3":127.87829661229898,"input4":322.89226271720423,"input5":127.33249835335954,"input6":328.7679964478253,"input7":127.67729701586865,"input8":316.5199606971666,"input9":127.33894809180066,"input10":343.60691717493603,"input11":146.76707842196635,"input12":302.1806082623279,"input13":145.65161275584796,"input14":354.1204941063596,"input15":176.58947593287417,"input16":297.83149525900797,"input17":181.31187736407122,"input18":353.92913223474807,"input19":207.90399859987969,"input20":291.8532873083044,"input21":212.48893038803607,"input22":340.41687948661934,"input23":208.39199133086623,"input24":313.5959653501157,"input25":208.9448782342684,"input26":348.2108222113715,"input27":251.1529838457907,"input28":310.58394404182656,"input29":258.05992394162894,"input30":354.78181418852034,"input31":279.1029700898287,"input32":312.895195498104,"input33":296.2470264695076},"ys":{"output0":"3171"}},{"xs":{"input0":324.2386929101182,"input1":133.07763648079617,"input2":328.5389147306743,"input3":126.51662369220577,"input4":321.3370078163072,"input5":126.02520085682414,"input6":329.6119805943896,"input7":125.63646342554517,"input8":314.14901108769646,"input9":125.74688054432414,"input10":343.01092582836486,"input11":145.83878009639983,"input12":300.9790015267117,"input13":144.77541858457448,"input14":353.9755897447612,"input15":176.75107453998766,"input16":295.4549888328269,"input17":179.52926592055348,"input18":356.76930566977336,"input19":205.36549410160058,"input20":291.419286300332,"input21":211.90821656939113,"input22":339.83952542726985,"input23":210.17657006693162,"input24":310.34392120777744,"input25":210.94385574668007,"input26":354.06693129511604,"input27":258.90374895657243,"input28":309.7500384295428,"input29":257.34723260295783,"input30":362.26101791649535,"input31":303.5727113125152,"input32":313.540276421441,"input33":290.01575908698067},"ys":{"output0":"4202"}},{"xs":{"input0":333.48351075170564,"input1":120.7076795849419,"input2":336.59436380189294,"input3":118.01919546740794,"input4":334.48504263894597,"input5":117.25517674496297,"input6":335.11610213311326,"input7":120.176541958636,"input8":336.9997965197349,"input9":119.55741616020424,"input10":323.4505258898521,"input11":136.54613651030246,"input12":341.71062253836766,"input13":137.67210783781826,"input14":313.7933099757858,"input15":159.8554763273421,"input16":345.6863177264178,"input17":162.77699312503808,"input18":323.7117447583531,"input19":154.61189255147417,"input20":337.0310209694429,"input21":158.097450300964,"input22":322.27497450324756,"input23":197.5448682759008,"input24":343.00049541986476,"input25":197.2480013960751,"input26":333.8565473946911,"input27":251.87916716636965,"input28":338.17674216703597,"input29":245.21914892958847,"input30":356.3092386048672,"input31":277.2621551870602,"input32":313.7375704819231,"input33":285.57919745789167},"ys":{"output0":"6401"}},{"xs":{"input0":307.4488881131594,"input1":112.99337703117385,"input2":310.46995107193436,"input3":108.38291101288377,"input4":304.91337350469814,"input5":108.92971224719784,"input6":315.5956073485852,"input7":111.15395826670624,"input8":296.3161461069802,"input9":109.92366679230628,"input10":326.5674791837993,"input11":133.82413332457662,"input12":284.5013737074348,"input13":134.40480728595577,"input14":333.2040363631518,"input15":166.46676939133312,"input16":277.3276211922629,"input17":167.82032511155273,"input18":330.8439663000274,"input19":192.88476360239247,"input20":277.14017172770656,"input21":195.58571471573083,"input22":317.11747673287493,"input23":196.8277078669438,"input24":291.6688653600146,"input25":197.12802745677806,"input26":321.4725506282457,"input27":247.5257275676169,"input28":284.42007916247866,"input29":247.15614958348561,"input30":326.2978197956643,"input31":289.6104826750578,"input32":278.468566730938,"input33":280.154142026548},"ys":{"output0":"10939"}},{"xs":{"input0":313.73706423515927,"input1":113.33653976113243,"input2":315.7015330889071,"input3":107.22645125658656,"input4":308.8198525352552,"input5":107.76363558704159,"input6":317.55701819823264,"input7":107.80531795866074,"input8":303.810788279156,"input9":107.84961603770711,"input10":328.9545891298885,"input11":130.94890988593443,"input12":286.7546500936586,"input13":129.3106430083455,"input14":340.14003381859254,"input15":161.25333774856654,"input16":277.71159731621395,"input17":159.78362122474357,"input18":333.4292311045626,"input19":189.49913575170564,"input20":277.50236868161204,"input21":190.53690949378654,"input22":319.65965759916844,"input23":195.99390784667014,"input24":294.56583599365706,"input25":194.5712205912867,"input26":321.4632629929927,"input27":246.6012823093704,"input28":284.0978013423451,"input29":244.73835073251706,"input30":324.67260706494426,"input31":286.62970708359984,"input32":278.3833081726907,"input33":283.81579512508756},"ys":{"output0":"12567"}},{"xs":{"input0":305.80844633760506,"input1":116.26377603928711,"input2":311.4852643524229,"input3":112.38713731077911,"input4":302.16656749940984,"input5":112.18107108251857,"input6":316.06949090492884,"input7":112.87442450867292,"input8":295.14776783844644,"input9":112.25542689392208,"input10":327.1546290585404,"input11":132.4336816739385,"input12":287.8748522306743,"input13":133.9119109215095,"input14":338.48844011392276,"input15":164.9622861033062,"input16":278.76699622379175,"input17":166.48824174966495,"input18":333.22308932596246,"input19":190.14879431176138,"input20":275.31103093256957,"input21":193.84552596837688,"input22":319.0443468744527,"input23":197.06013209173784,"input24":292.742514805487,"input25":195.89859216998656,"input26":323.68841636018215,"input27":243.93906561719507,"input28":285.7118632593582,"input29":245.15324464318348,"input30":326.3611184876797,"input31":280.93484978926807,"input32":278.4715977421513,"input33":287.76013231184515},"ys":{"output0":"13603"}},{"xs":{"input0":291.31171570419104,"input1":110.69512023330896,"input2":288.18330523098655,"input3":107.13920905576114,"input4":291.64836147375274,"input5":108.65387438798274,"input6":292.0794552808616,"input7":108.8605735734192,"input8":305.2503321835404,"input9":108.3230614615695,"input10":293.254417731748,"input11":126.20877271507214,"input12":316.226679037886,"input13":123.89764499478406,"input14":283.8139420596712,"input15":154.44641083537022,"input16":321.55999598214964,"input17":158.52446595130607,"input18":280.49503170258816,"input19":162.4631733736332,"input20":323.8815313566033,"input21":182.6403957314891,"input22":292.58025111743115,"input23":186.51230423538772,"input24":316.80989880775616,"input25":191.98923746744788,"input26":280.06205951028863,"input27":244.48975680167212,"input28":317.3092609725268,"input29":242.07043534366244,"input30":282.3839460525364,"input31":287.1777260466161,"input32":318.0636639808818,"input33":278.6361954226131},"ys":{"output0":"15715"}},{"xs":{"input0":325.4511420117949,