{"data":[{"xs":{"input0":304.74862081962715,"input1":60.169340397647005,"input2":308.9881334806743,"input3":54.536970409965875,"input4":297.4542609618189,"input5":54.38319631952058,"input6":315.73516696981983,"input7":59.4882649055466,"input8":285.3585886815835,"input9":60.53929327059441,"input10":328.31847847088966,"input11":94.06548156143396,"input12":270.3620366325155,"input13":93.89011137666756,"input14":341.459186546519,"input15":144.13034450240997,"input16":256.4210001627604,"input17":143.88576604237102,"input18":338.0746214571055,"input19":184.87010338617807,"input20":263.5607071369015,"input21":186.70236687911182,"input22":316.37115478515625,"input23":191.44454450402804,"input24":276.8895003112436,"input25":192.54490902549338,"input26":310.4253948129873,"input27":270.26117930867747,"input28":283.87920952215063,"input29":271.2440416362086,"input30":308.6995293987192,"input31":321.40728361192964,"input32":288.18007143849746,"input33":322.8459836725603},"ys":{"output0":"591"}},{"xs":{"input0":323.8102469342029,"input1":78.23457059804457,"input2":342.9776438216717,"input3":82.36972950122973,"input4":322.7533152321858,"input5":77.40147655702705,"input6":345.73144983362266,"input7":78.29836125959429,"input8":318.17235801652157,"input9":78.15315677873338,"input10":352.39902072482636,"input11":104.30389850460296,"input12":300.4408793607418,"input13":98.5472594738936,"input14":358.681322064316,"input15":145.93035246196547,"input16":303.98942110831274,"input17":148.51945010774546,"input18":346.4392434876797,"input19":110.94747918855842,"input20":317.4687371802376,"input21":100.41224905389558,"input22":349.67235542877376,"input23":198.22603103013063,"input24":304.73746673405515,"input25":198.5287021242852,"input26":358.652486745377,"input27":275.06289327818513,"input28":298.2412012557537,"input29":274.64428371853296,"input30":366.33028681050496,"input31":334.6965398658321,"input32":295.9518521849872,"input33":329.5001149316977},"ys":{"output0":"1839"}},{"xs":{"input0":319.5017935658059,"input1":67.12037798489277,"input2":313.19695783172665,"input3":66.61686352586653,"input4":318.5557756182278,"input5":64.13626449614705,"input6":304.17225828412444,"input7":75.01576295373033,"input8":315.05662497953597,"input9":69.42932664302356,"input10":333.3838295146503,"input11":90.91171770300315,"input12":319.6270727971841,"input13":90.69488049482973,"input14":338.98293088054095,"input15":92.87920321637426,"input16":323.2709495737771,"input17":98.92983375237,"input18":329.1645024766234,"input19":79.98662985788681,"input20":333.94155045001827,"input21":80.21116037350183,"input22":336.4463321321424,"input23":194.75532873796902,"input24":331.6060419807657,"input25":191.95438020642968,"input26":342.31284961365816,"input27":255.68693283705682,"input28":301.23908133999413,"input29":251.91942954853494,"input30":359.30301760139986,"input31":320.43584515012026,"input32":299.99283755267106,"input33":319.24894656354223},"ys":{"output0":"3259"}},{"xs":{"input0":315.1196467527869,"input1":81.11762643557543,"input2":324.44322850039595,"input3":77.94756452474908,"input4":316.53337653385034,"input5":77.31565300716525,"input6":326.5681216591283,"input7":73.08744791190759,"input8":314.84183566147357,"input9":72.8577498943485,"input10":344.58971941912614,"input11":97.92164599918715,"input12":298.24588902047736,"input13":96.48327714053741,"input14":357.6696636058666,"input15":143.51126955266585,"input16":293.77977932638123,"input17":154.0679729379873,"input18":350.5006477103131,"input19":133.8298305340445,"input20":311.1291610985471,"input21":102.91536743877921,"input22":344.5682262398346,"input23":191.8603729783443,"input24":303.07441101669104,"input25":196.34587427328898,"input26":360.7295238948472,"input27":275.72225856966907,"input28":300.1927669145907,"input29":283.70631405716983,"input30":362.24985193323204,"input31":335.7284795749954,"input32":302.17000652707344,"input33":321.2399476406402},"ys":{"output0":"3739"}},{"xs":{"input0":346.9887686984116,"input1":74.21006884955986,"input2":360.82155313175787,"input3":68.18545692845393,"input4":345.18803765666877,"input5":72.49487685413621,"input6":357.9571747361568,"input7":71.40679907845242,"input8":337.54527948985555,"input9":75.21252667462383,"input10":353.8022153977065,"input11":107.1806362219024,"input12":317.13229664585043,"input13":95.76051024200854,"input14":351.2684384470562,"input15":147.691147118284,"input16":328.54199385317673,"input17":99.38923777195444,"input18":350.1456170333059,"input19":101.08780234413072,"input20":338.6794962148685,"input21":75.55872777749221,"input22":334.3004972521092,"input23":197.97186258475915,"input24":304.01423166137454,"input25":202.15849967495507,"input26":357.6269538686057,"input27":286.30511129576325,"input28":293.2343308595653,"input29":287.9132502446165,"input30":360.80597994620337,"input31":337.7124355085644,"input32":288.03335565340217,"input33":330.40970413773147},"ys":{"output0":"3937"}},{"xs":{"input0":312.234669586836,"input1":56.112432349727385,"input2":313.94299363997015,"input3":54.24999571683114,"input4":298.4119869626289,"input5":53.881914462262415,"input6":322.5027879265084,"input7":58.9771185237297,"input8":305.1716979623538,"input9":58.40539526985867,"input10":348.16328974495156,"input11":94.58983928836577,"input12":294.607411583497,"input13":91.9589191756518,"input14":356.9591160824424,"input15":139.57184319375318,"input16":297.30696546171606,"input17":144.13520173487376,"input18":349.72551728782133,"input19":104.10872253061038,"input20":311.89196194356873,"input21":93.02786546376248,"input22":344.12732903255585,"input23":190.56149131373354,"input24":302.38569769013463,"input25":196.84354711461947,"input26":354.7390741121467,"input27":275.5511995133368,"input28":292.1542328654209,"input29":273.8248525400143,"input30":363.34856356793676,"input31":335.46619854010567,"input32":293.23993586192586,"input33":321.07491372389165},"ys":{"output0":"4477"}},{"xs":{"input0":301.0602758455927,"input1":65.94378376564782,"input2":306.2224437572338,"input3":61.75890931841457,"input4":294.79083293595045,"input5":61.15342867072329,"input6":311.980292783146,"input7":61.225125348126426,"input8":284.53902395148026,"input9":63.49794056912842,"input10":326.5981716579861,"input11":94.51763071279544,"input12":270.40299740915873,"input13":96.63322761044864,"input14":342.6543621338366,"input15":142.3086916679992,"input16":259.40814678199575,"input17":149.23317714044225,"input18":337.4226371958474,"input19":187.03026546604684,"input20":262.803137409292,"input21":189.56483718247438,"input22":313.6855870891965,"input23":189.94432951274672,"input24":282.7108544541149,"input25":193.13818204705012,"input26":314.38460143686035,"input27":275.49952456825656,"input28":284.1455583776879,"input29":276.310340925964,"input30":307.7720115617005,"input31":333.4459134523864,"input32":296.70837313111065,"input33":333.04155494734556},"ys":{"output0":"6327"}},{"xs":{"input0":268.98543329963906,"input1":66.97773596929062,"input2":275.72651110197364,"input3":65.25525306865254,"input4":268.64800287733766,"input5":61.82910629183226,"input6":269.5900138869852,"input7":66.70715034588966,"input8":288.1447073358309,"input9":67.4392723990695,"input10":295.54220753571207,"input11":95.56879828083117,"input12":261.66492231640433,"input13":97.18265332673724,"input14":311.96487159059757,"input15":151.1821468717638,"input16":244.54787940309757,"input17":150.01187032658686,"input18":295.05428916529604,"input19":130.82590560466923,"input20":271.338077418753,"input21":99.8514505204169,"input22":308.5348778440241,"input23":196.9742851926569,"input24":265.6828662061784,"input25":191.31053247879356,"input26":315.26481851499676,"input27":280.89813574480496,"input28":262.6246696606017,"input29":283.50165116159536,"input30":314.393331665277,"input31":330.5671903078551,"input32":260.20343527691637,"input33":343.86721635190133},"ys":{"output0":"8585"}},{"xs":{"input0":284.5752904940302,"input1":74.75637157060945,"input2":286.4573815180312,