{"data":[{"xs":{"input0":328.5431431701541,"input1":165.74280736971548,"input2":331.2998792860243,"input3":165.19458198175556,"input4":327.39274766710065,"input5":163.2227550008376,"input6":340.15990058348655,"input7":170.09989242107548,"input8":321.1835069265979,"input9":163.76558091905378,"input10":339.60989924202187,"input11":178.30201035586947,"input12":334.201371042352,"input13":175.06701077169373,"input14":334.4674783747563,"input15":192.05606085050408,"input16":334.0175189934743,"input17":186.7563550328186,"input18":328.65708081578185,"input19":146.38395610608552,"input20":328.8562154491045,"input21":147.5118501005117,"input22":336.6459664684987,"input23":223.44653927094754,"input24":335.1372267814175,"input25":224.44431594937862,"input26":342.765650163617,"input27":259.3346752479062,"input28":334.2634067944383,"input29":260.11523992229854,"input30":357.32630991796304,"input31":301.7056060255619,"input32":334.1991788927342,"input33":298.8917525330482},"ys":{"output0":"2291"}},{"xs":{},"ys":{"output0":"4052"}},{"xs":{"input0":313.0469386526483,"input1":133.39367961325837,"input2":315.41515803941274,"input3":128.8344046014559,"input4":308.519967657316,"input5":128.91062656573615,"input6":319.2738177576492,"input7":131.50698477761784,"input8":302.52463803653825,"input9":132.87790220383312,"input10":331.80582801268577,"input11":154.75226210804243,"input12":292.5023016083775,"input13":155.11895906623113,"input14":338.8102397584078,"input15":184.7091252436647,"input16":284.88134373001185,"input17":187.16492115637942,"input18":336.42423246803804,"input19":209.46741353233887,"input20":286.2107167978268,"input21":212.13452433982087,"input22":323.92398529350174,"input23":215.3063717966656,"input24":300.8469054759362,"input25":215.15783655713176,"input26":313.3460109182733,"input27":264.80838827687165,"input28":309.35476738109924,"input29":267.2053625987984,"input30":317.0187209874798,"input31":302.01014081869437,"input32":302.8355443407917,"input33":309.8315893697459},"ys":{"output0":"5308"}},{"xs":{"input0":301.27790439895716,"input1":139.91062480339065,"input2":301.2077504059492,"input3":138.7289804975424,"input4":303.6900320666575,"input5":137.41993998923493,"input6":294.61156744706,"input7":139.44175067700837,"input8":304.09794351975586,"input9":139.31744858070653,"input10":285.6588822452181,"input11":154.24336691813625,"input12":314.9946531775402,"input13":154.96230722170822,"input14":277.255758095903,"input15":186.0903145416438,"input16":318.6767236809981,"input17":185.09025172183385,"input18":280.4105900695682,"input19":194.79557148894372,"input20":320.1158235784162,"input21":217.44641041895102,"input22":285.92680397554216,"input23":221.09341329533686,"input24":307.85448635763123,"input25":221.43629836292524,"input26":323.9271194428263,"input27":271.00050005996434,"input28":302.3202020894249,"input29":272.28665060002436,"input30":324.76603309081077,"input31":307.2949539987664,"input32":284.02382001077456,"input33":317.9117193091915},"ys":{"output0":"6938"}},{"xs":{"input0":307.8766190378289,"input1":141.08752155861657,"input2":301.61111545376843,"input3":140.450045936986,"input4":305.02430222420196,"input5":138.76989911174218,"input6":298.25706972713357,"input7":142.17065465380574,"input8":306.428893686038,"input9":142.63524730303135,"input10":311.06265895315545,"input11":160.0769631904468,"input12":305.1691821955333,"input13":161.13372237594035,"input14":283.28327736659355,"input15":187.20032749585005,"input16":309.39251102202115,"input17":187.93928834197578,"input18":290.3736148707815,"input19":146.32302089044225,"input20":296.224631147775,"input21":148.94605253639742,"input22":312.53506547061556,"input23":229.27290472138458,"input24":288.16280967310854,"input25":229.82624611659355,"input26":320.1486980148226,"input27":278.0762902570282,"input28":280.83695573416367,"input29":281.41561437536166,"input30":322.02092786049053,"input31":309.02244701720116,"input32":282.864272803591,"input33":320.06647641663426},"ys":{"output0":"8570"}},{"xs":{"input0":322.1827685856215,"input1":139.43122227986652,"input2":324.2715754518267,"input3":134.19905872605233,"input4":318.3114380120766,"input5":135.19684165077132,"input6":327.5468923706292,"input7":134.4066799825627,"input8":309.98609576308934,"input9":136.33449859321695,"input10":338.67599368327774,"input11":157.22159432156508,"input12":300.1913513867711,"input13":158.23257133974664,"input14":347.0856498138249,"input15":187.37632647360044,"input16":292.23611753586437,"input17":188.0895698651468,"input18":342.46751186675726,"input19":207.7110662330196,"input20":291.30451403166114,"input21":214.69978942276208,"input22":332.86077547724017,"input23":217.22900063438487,"input24":306.10138236895403,"input25":218.11043663099264,"input26":325.3900699727019,"input27":265.8262940642894,"input28":308.2702327378777,"input29":265.7622059604578,"input30":327.7314350804855,"input31":302.3340834232799,"input32":313.2206015187165,"input33":302.1109086124056},"ys":{"output0":"10480"}}]}