{"data":[{"xs":{"input0":285.31265229044834,"input1":56.29941111187256,"input2":289.2423217059576,"input3":50.710881104943326,"input4":278.18625883284597,"input5":50.79277529353982,"input6":299.0560304072865,"input7":50.74270861887791,"input8":268.4430603860182,"input9":49.62502046402898,"input10":317.2926857039245,"input11":82.48011300903082,"input12":255.68834598533823,"input13":82.84913090934529,"input14":342.16961925722234,"input15":134.1730509678058,"input16":237.48813190423024,"input17":131.850800095943,"input18":352.60242068047177,"input19":179.55442811545805,"input20":230.8824279666179,"input21":179.41616722947208,"input22":306.87517965513825,"input23":186.0790075707389,"input24":262.36502783107943,"input25":186.5022459271823,"input26":316.6410066184477,"input27":254.3136861403318,"input28":260.71347331443025,"input29":255.4663844415319,"input30":318.9745560956512,"input31":318.8916197250693,"input32":249.5946819461577,"input33":335.3495369180601},"ys":{"output0":"287"}},{"xs":{"input0":196.4790727938825,"input1":68.75173646804183,"input2":202.21116748237236,"input3":59.30898047330086,"input4":188.57228180586011,"input5":56.19691755804169,"input6":197.98337032920435,"input7":53.61184698331658,"input8":175.01819960090384,"input9":55.079166642871286,"input10":218.8949993944075,"input11":84.830657780519,"input12":159.40044836226494,"input13":77.48933639675087,"input14":249.5451857657925,"input15":124.82935200890137,"input16":152.50844914546022,"input17":118.46194990429495,"input18":278.8805784258926,"input19":101.52510927434551,"input20":184.91817124870553,"input21":90.2078960931789,"input22":194.60509659021685,"input23":187.36499213800556,"input24":151.8925419560185,"input25":191.82188870614033,"input26":210.59194761874846,"input27":253.55755900778962,"input28":137.74626198335466,"input29":268.04701539275703,"input30":225.68178232650308,"input31":311.11960189849077,"input32":140.13507869043778,"input33":324.00200291683797},"ys":{"output0":"1913"}},{"xs":{"input0":171.1810481199744,"input1":88.58801233838176,"input2":175.62666240491365,"input3":77.5419865063524,"input4":167.37434669777198,"input5":79.65319657651071,"input6":179.44890838385092,"input7":65.84984613905641,"input8":155.28981586181163,"input9":76.3483338235182,"input10":206.86002021179792,"input11":82.56518864027473,"input12":152.8222638403463,"input13":100.84100645188002,"input14":251.63329483240435,"input15":86.80676971495035,"input16":118.64249305650736,"input17":133.0758530168738,"input18":234.47970146788956,"input19":53.900687234443524,"input20":122.82827514886391,"input21":93.89656706395436,"input22":246.84575844926442,"input23":183.1739625689114,"input24":210.1188603153935,"input25":199.88385949683232,"input26":274.3880297566018,"input27":220.59348777488424,"input28":219.09327586956655,"input29":281.37747662341616,"input30":345.72514286747685,"input31":257.65051233838176,"input32":225.58328253019158,"input33":325.40628771568134},"ys":{"output0":"3437"}},{"xs":{"input0":197.55022997047467,"input1":55.290336980689574,"input2":203.43895806206595,"input3":50.40034184446574,"input4":189.8234335023757,"input5":49.094882541232636,"input6":218.82552423904744,"input7":43.54275917216816,"input8":181.85135051288566,"input9":43.997594822219924,"input10":227.9068510713633,"input11":67.04676280477125,"input12":174.929702491091,"input13":71.28002263416786,"input14":274.7903510794537,"input15":90.79935709635416,"input16":130.76347663388614,"input17":97.63755218327393,"input18":241.56481514200132,"input19":49.77873685067158,"input20":141.9908194142243,"input21":69.64435540212293,"input22":239.88554145857603,"input23":151.49528637266997,"input24":199.44949244895176,"input25":165.42113008554912,"input26":264.8513734456856,"input27":218.7859855339541,"input28":206.33753488403082,"input29":224.751927188033,"input30":262.21014130649974,"input31":228.3290953757005,"input32":202.29186268113045,"input33":319.89759731478625},"ys":{"output0":"3777"}},{"xs":{"input0":233.21098164043462,"input1":55.734708611263386,"input2":239.10893390053195,"input3":48.787334360342044,"input4":230.7861458999604,"input5":47.247429265845824,"input6":241.11756724456131,"input7":43.68753325404711,"input8":222.37014829996266,"input9":44.17201467889558,"input10":265.3216320729395,"input11":75.59206124170015,"input12":204.11762527555052,"input13":73.47591526559452,"input14":295.299889934458,"input15":113.54875650089849,"input16":167.25667972081354,"input17":118.80812349375225,"input18":287.660671776963,"input19":73.96469026978252,"input20":185.81376222606755,"input21":82.97207332261587,"input22":255.2134124577394,"input23":175.44221279449164,"input24":206.1142419885706,"input25":173.63210220783077,"input26":265.5845371417367,"input27":248.32717151902108,"input28":194.90393655341967,"input29":248.95631013093168,"input30":282.66436809220045,"input31":316.2299027173375,"input32":199.57650519951045,"input33":315.9294616223311},"ys":{"output0":"4286"}},{"xs":{"input0":356.66067974841616,"input1":52.6461833634107,"input2":361.68956630178826,"input3":46.18127417610867,"input4":349.8306791963633,"input5":46.10646030359101,"input6":370.2384083173428,"input7":43.31059446576509,"input8":341.5324476216039,"input9":43.50310714156538,"input10":385.7518864979288,"input11":82.38930031105323,"input12":326.4420888205485,"input13":78.17878559551275,"input14":408.8947485018427,"input15":129.5463999251873,"input16":304.2891774911862,"input17":123.68234705041954,"input18":413.67159540425496,"input19":176.86960320723682,"input20":300.8893351712887,"input21":172.28208069680494,"input22":378.7148229885287,"input23":182.40919800994453,"input24":331.868300410042,"input25":179.02471029270458,"input26":381.0113922476071,"input27":250.32534415261784,"input28":327.98592729178085,"input29":245.51544189453125,"input30":378.158272339819,"input31":309.7987059357106,"input32":314.69296104029604,"input33":313.07093391641536},"ys":{"output0":"7231"}},{"xs":{"input0":410.4146868908382,"input1":74.59329735233536,"input2":415.712958144398,"input3":66.17836459570691,"input4":407.42333841602704,"input5":67.35095940602918,"input6":432.64886688767814,"input7":60.25157326146174,"input8":412.86608303731873,"input9":60.746763277704474,"input10":460.71124681022894,"input11":85.64233493619028,"input12":412.4950463962369,"input13":92.77123523734465,"input14":467.4286459761056,"input15":129.93321290490223,"input16":390.82653320788404,"input17":128.5952562477156,"input18":429.6444006133498,"input19":130.82532678198862,"input20":348.6242128487451,"input21":119.19795004712677,"input22":464.2766096624482,"input23":185.87329232437105,"input24":423.9771376343963,"input25":185.88102641858552,"input26":483.70793719970226,"input27":254.28718254580133,"input28":406.63546021221674,"input29":254.63191606845072,"input30":495.7156196579366,"input31":325.95238103736443,"input32":393.6962765699241,"input33":318.56800566407435},"ys":{"output0":"8884"}},{"xs":{"input0":514.5580525240238,"input1":85.8280114960252,"input2":524.601664701168,"input3":77.89341872663292,"input4":509.14629603454705,"input5":75.45691685369837,"input6":534.5533276533755,"input7":75.31192355685764,"input8":504.25507781566,"input9":69.14691411960891,"input10":545.4161092598304,"input11":110.52245320400067,"input12":485.87268435234677,"input13":90.88357787847983,"input14":554.0029666298313,"input15":160.56284266838088,"input16":434.34442888226425,"input17":91.68239779407284,"input18":550.3468783789443,"input19":165.9887528744822,"input20":439.62899224799975,"input21":54.472015559324745,"input22":480.4651473790814,"input23":205.51096479330374,"input24":448.58289930555554,"input25":198.37175744783576,"input26":462.30294210868965,"input27":274.0514030233461,"input28":409.2191735578094,"input29":229.44545277378012,"input30":464.9887239630924,"input31":344.75503070080254,"input32":341.78800646092225,"input33":262.35478391889006},"ys":{"output0":"10095"}},{"xs":{"input0":470.25475931446454,"input1":60.502387450220056,