{"data":[{"xs":{"input0":312.6024849280047,"input1":127.09464803773756,"input2":315.2401602523833,"input3":123.7308845743101,"input4":310.59332775093657,"input5":123.7383277699729,"input6":316.9892269082469,"input7":124.79382788228708,"input8":304.41154732806405,"input9":124.83949122140746,"input10":326.99078595196755,"input11":146.52461239701358,"input12":317.13688320583765,"input13":148.81847180818255,"input14":347.51846045778507,"input15":171.82649192289534,"input16":348.54338766770985,"input17":177.10964061595774,"input18":344.75095276711744,"input19":199.44687938132478,"input20":343.6769463909067,"input21":200.71538051434192,"input22":324.437660975763,"input23":207.82017163133526,"input24":312.0649139225831,"input25":206.8457352487664,"input26":337.96215763798466,"input27":253.35493894580742,"input28":301.08258148847733,"input29":256.85276827152245,"input30":348.134667469047,"input31":295.2571614583333,"input32":295.81939964963675,"input33":294.82515182643834},"ys":{"output0":"2351"}},{"xs":{"input0":344.302773875335,"input1":116.80004216541789,"input2":349.0380359671966,"input3":111.25702082762243,"input4":339.3093796687284,"input5":112.68143027381822,"input6":352.42233782019065,"input7":109.69009964554397,"input8":334.16181657281766,"input9":110.98014786926626,"input10":369.36965079800194,"input11":125.87877061631946,"input12":320.95123112550255,"input13":130.84915071900127,"input14":380.8112562748424,"input15":155.94632065087035,"input16":312.5517561468232,"input17":154.13879810950442,"input18":373.13170256438076,"input19":172.88887841892057,"input20":308.7979143823099,"input21":163.75136198820888,"input22":357.4736775478192,"input23":184.86533657616803,"input24":332.4291153400265,"input25":180.73910912110324,"input26":353.1406615259122,"input27":245.1860632348014,"input28":341.4366289700216,"input29":238.2115045439662,"input30":356.54755441766036,"input31":280.4477800216823,"input32":350.14884547183385,"input33":281.5266461586162},"ys":{"output0":"3998"}},{"xs":{"input0":295.7930468583432,"input1":112.05575686449194,"input2":299.5463995254992,"input3":108.36071527492231,"input4":294.5371354904323,"input5":107.59205243740863,"input6":298.59647472002354,"input7":111.20675427174706,"input8":292.64733565481083,"input9":108.92722741437467,"input10":318.1657930191962,"input11":132.3131907799555,"input12":317.2435281615973,"input13":133.24886329457541,"input14":322.5336710611979,"input15":159.0792704650998,"input16":327.67941302026225,"input17":163.2660084625898,"input18":318.6866745381792,"input19":195.80924824199712,"input20":318.7893751118383,"input21":195.37605776424294,"input22":290.1058180662159,"input23":195.07289418003012,"input24":303.15972817106785,"input25":195.73074995193332,"input26":274.69403480693376,"input27":249.77558931644433,"input28":300.6254858719675,"input29":246.38224938227182,"input30":278.78733889633685,"input31":290.5313146044636,"input32":264.05385275798,"input33":291.86310111895403},"ys":{"output0":"7462"}},{"xs":{"input0":276.7283544112832,"input1":94.54973871480186,"input2":276.1877759669492,"input3":89.74679154959338,"input4":283.557597377844,"input5":86.96904292115923,"input6":272.3789707354867,"input7":89.85441628022963,"input8":288.4790586356299,"input9":89.92173222770467,"input10":256.0608983922888,"input11":114.34879771450107,"input12":302.9204923692967,"input13":117.0785935905709,"input14":244.3697450872053,"input15":153.2058352940728,"input16":317.97585217808654,"input17":154.8162324247304,"input18":243.4224532872845,"input19":186.221015439396,"input20":320.78133997629027,"input21":186.819989239728,"input22":266.24580368428667,"input23":188.64904808951633,"input24":291.9560595655534,"input25":190.24396334939996,"input26":265.35695453368663,"input27":241.1941748427601,"input28":293.8160690694292,"input29":242.4669467264216,"input30":264.00402522691274,"input31":282.8854994745979,"input32":296.3073394358971,"input33":288.4925958287646},"ys":{"output0":"9382"}}]}