{"data":[{"xs":{"input0":273.6402604547393,"input1":88.90806499280427,"input2":278.6757906789203,"input3":82.10624144555996,"input4":269.2948220533702,"input5":81.19738959894309,"input6":285.2596617581551,"input7":78.95189385665088,"input8":263.92304418612173,"input9":80.64798031634055,"input10":300.9423698737607,"input11":108.45590572840521,"input12":249.90208794963755,"input13":111.801487734908,"input14":320.11796895523514,"input15":149.7489676373279,"input16":242.0424204448975,"input17":153.11712372837474,"input18":324.68568738673395,"input19":186.38457002695537,"input20":246.9620203088831,"input21":195.15915482132522,"input22":296.0935275131731,"input23":190.88090030305796,"input24":256.9867178338778,"input25":191.00662677608733,"input26":298.7304406417043,"input27":246.1695139031661,"input28":254.15237753944322,"input29":252.4017655222039,"input30":310.68816127368115,"input31":305.97533049406826,"input32":247.3167380766097,"input33":301.82818288226804},"ys":{"output0":"402"}},{"xs":{"input0":280.25557415759585,"input1":84.30359273393717,"input2":283.847388254504,"input3":78.21525990149661,"input4":276.0240643298649,"input5":77.9987110636155,"input6":291.04716994376673,"input7":78.24921070716067,"input8":270.98995156687835,"input9":77.39804154483429,"input10":308.5810141163727,"input11":104.07501161214668,"input12":262.2067647417154,"input13":103.01644368013675,"input14":329.2949481688977,"input15":141.35889109115152,"input16":258.52631819875614,"input17":146.74460427802904,"input18":332.0827646236903,"input19":158.4986127886856,"input20":303.69920161732455,"input21":142.51530875936584,"input22":308.6881748370492,"input23":185.5014745998568,"input24":270.47482139185854,"input25":185.19933094522872,"input26":308.0282396461531,"input27":246.57025551005876,"input28":257.05916302478335,"input29":247.6866022002162,"input30":313.6660653573495,"input31":301.35910257261395,"input32":248.45494201541177,"input33":300.9296893143979},"ys":{"output0":"1187"}},{"xs":{"input0":149.53593650059392,"input1":85.52786605864705,"input2":151.3402743274473,"input3":80.35058882269013,"input4":143.11916210033274,"input5":78.26858862566436,"input6":156.81841904192174,"input7":78.33315628081502,"input8":132.0450608400341,"input9":80.43574773777297,"input10":171.9458995320876,"input11":107.2082174498203,"input12":121.5062191611842,"input13":111.45015010127312,"input14":192.43194877520406,"input15":129.81680589344995,"input16":111.57908062256335,"input17":149.05401516146594,"input18":186.0522472835191,"input19":88.96156772070691,"input20":116.24036643937316,"input21":137.04367788214432,"input22":163.99321736415692,"input23":196.82790328652305,"input24":128.02940443012915,"input25":198.52822212680275,"input26":167.73815013744212,"input27":249.7119021648087,"input28":125.59847409729836,"input29":254.34715821264314,"input30":189.57214712399488,"input31":301.0139953137373,"input32":124.35380069368298,"input33":304.1023450706437},"ys":{"output0":"2616"}},{"xs":{"input0":172.45801007306133,"input1":91.40381454259563,"input2":175.148397226315,"input3":84.90498682211714,"input4":171.63168269523635,"input5":83.13366538599917,"input6":172.77457313463236,"input7":79.34085953770091,"input8":176.92937601844235,"input9":77.39892673306528,"input10":189.36469481470058,"input11":114.61354127404283,"input12":142.6089751185962,"input13":110.53107486598438,"input14":220.94085485149776,"input15":153.81235104090518,"input16":119.43417956257423,"input17":147.86799678096065,"input18":222.75364360846504,"input19":194.8656726859466,"input20":123.67655019778721,"input21":180.27835771586695,"input22":193.46956963195206,"input23":194.26286366483157,"input24":153.7916401348151,"input25":194.5545528181347,"input26":206.7867488749543,"input27":251.84890003464608,"input28":142.0457641423097,"input29":247.7155718887061,"input30":222.33881513510065,"input31":294.93167215388183,"input32":128.81528560645864,"input33":299.8396116855316},"ys":{"output0":"3955"}},{"xs":{"input0":278.5904756066395,"input1":76.680638125533,"input2":282.67273157428343,"input3":71.41340051245734,"input4":275.48658136735884,"input5":70.83686218856602,"input6":291.7683859782377,"input7":70.90713530720791,"input8":273.4049586245888,"input9":70.1790007652595,"input10":309.17861730266964,"input11":100.99760475679213,"input12":254.33100828650402,"input13":98.83235254715291,"input14":323.4001070435284,"input15":146.62207292999204,"input16":240.39191262763842,"input17":140.61483208431366,"input18":318.20997978046853,"input19":189.2098410087719,"input20":234.17898018225358,"input21":178.6207422178391,"input22":300.8066529093662,"input23":188.67485894097223,"input24":258.54196068836234,"input25":186.97928207427202,"input26":303.950118274949,"input27":247.2415315802799,"input28":254.10345542268212,"input29":244.60670158877008,"input30":309.79443882873414,"input31":300.082840055053,"input32":249.41227189746283,"input33":297.8414145129466},"ys":{"output0":"5717"}},{"xs":{"input0":272.24690041346855,"input1":84.96248003567402,"input2":277.4729445013154,"input3":77.59135716607463,"input4":271.56951368900764,"input5":74.04544703909295,"input6":287.4679321527016,"input7":76.45146241662096,"input8":267.3730528238456,"input9":74.7934557819924,"input10":301.98369076377463,"input11":103.88865034017877,"input12":252.2913858811525,"input13":105.81393771701389,"input14":305.8345439234207,"input15":146.18742290296052,"input16":246.36373360022233,"input17":147.5915212054931,"input18":267.4260695310596,"input19":156.07973660177186,"input20":234.29264775028935,"input21":174.82065241703975,"input22":294.3019106978329,"input23":187.14283249763946,"input24":259.4856115066052,"input25":189.0378801074409,"input26":304.5859704566048,"input27":244.94100232338116,"input28":256.7883476272196,"input29":248.33793238589635,"input30":310.5592926203856,"input31":300.04237080178063,"input32":250.21910252859252,"input33":299.72873275042974},"ys":{"output0":"6436"}},{"xs":{"input0":403.34719027692114,"input1":81.05926112124794,"input2":407.8380383943256,"input3":76.36353907296996,"input4":399.9866801628127,"input5":74.94165669640137,"input6":420.0075068483111,"input7":77.49284428230268,"input8":395.76512178714745,"input9":75.88951423154239,"input10":435.90205558791723,"input11":106.70176604570236,"input12":384.9896829170093,"input13":105.89046664172909,"input14":455.26518377411895,"input15":140.29594332154034,"input16":364.6988979882432,"input17":132.3384751585724,"input18":469.83886242842345,"input19":113.63587675038832,"input20":363.0074915597778,"input21":97.79266030235362,"input22":427.52565023262366,"input23":182.3556069416842,"input24":393.22451407449284,"input25":180.97079985323006,"input26":435.723180640743,"input27":238.64211389195845,"input28":383.72896250228433,"input29":244.77097241734435,"input30":443.0112405222991,"input31":291.49026019299004,"input32":364.0917028832389,"input33":296.17691813388996},"ys":{"output0":"7324"}},{"xs":{"input0":427.32854118124084,"input1":81.00483944541529,"input2":430.30006988703855,"input3":75.33282958508465,"input4":425.73957119768824,"input5":72.89190340692767,"input6":433.1529191223501,"input7":75.48328392222146,"input8":415.74827376397263,"input9":74.23863877562286,"input10":450.28198956048976,"input11":108.39912637632492,"input12":400.8517814472637,"input13":105.56474235787493,"input14":465.79677410757796,"input15":146.70191238730507,"input16":377.83147637142304,"input17":130.36197654917459,"input18":471.4171780294377,"input19":111.56633462589849,"input20":376.0785694382576,"input21":93.86547601710981,"input22":436.06324907864274,"input23":185.12188054432414,"input24":401.93587275276406,"input25":183.9792304382919,"input26":440.9771362661618,"input27":236.4331378899587,"input28":388.17818505954557,"input29":238.054599129898,"input30":447.17117279826084,"input31":294.5774570636117,"input32":364.72065708093476,"input33":296.3268290439776},"ys":{"output0":"8356"}},{"xs":{"input0":414.60985477440073,"input1":81.48263198822792,