{"data":[{"xs":{"input0":297.4526285985757,"input1":68.62430267631424,"input2":302.8017733389871,"input3":62.5429334138569,"input4":292.2032073320236,"input5":62.53384952656705,"input6":311.6333329050164,"input7":62.94107597009014,"input8":283.5803499277572,"input9":63.601936206483,"input10":328.1219696580318,"input11":95.42090462429945,"input12":273.6506869964897,"input13":95.31968561064662,"input14":349.1254709106207,"input15":141.5812024270814,"input16":262.7821040757683,"input17":144.35909486885885,"input18":354.8249114930746,"input19":175.73476125854728,"input20":256.4388434278105,"input21":183.49401403356478,"input22":325.866340503358,"input23":184.06711481700398,"input24":282.9566690842775,"input25":186.32148251896012,"input26":327.99348886947183,"input27":239.6475601196289,"input28":280.3188631827371,"input29":251.17348059343777,"input30":335.8277542084513,"input31":300.49119454843026,"input32":273.87066400539106,"input33":307.56553010401433},"ys":{"output0":"289"}},{"xs":{"input0":306.0269926491304,"input1":72.02022976345484,"input2":311.073310361271,"input3":68.53332697996618,"input4":301.965800502844,"input5":67.94246502554671,"input6":314.8840144642612,"input7":69.62254990843536,"input8":288.94157186586256,"input9":66.91017730891355,"input10":319.5348632544802,"input11":99.1110338802226,"input12":278.30200990970604,"input13":94.99869274117094,"input14":338.2780502646522,"input15":143.99736162747092,"input16":288.5228421395285,"input17":134.47871128253303,"input18":347.3970962732623,"input19":172.85406042028353,"input20":308.2564611602248,"input21":101.71000757644978,"input22":323.93834194012317,"input23":176.44079197219935,"input24":285.9425588983309,"input25":174.49326959502162,"input26":331.2728893733629,"input27":240.08757384896973,"input28":262.27043285704497,"input29":244.1514289960062,"input30":348.67343716686463,"input31":296.5787555181492,"input32":233.595707170215,"input33":283.87445639448555},"ys":{"output0":"1700"}},{"xs":{"input0":271.2933349609375,"input1":79.670822968957,"input2":270.5054906655473,"input3":70.42081241719205,"input4":270.8628967166179,"input5":71.0505465085511,"input6":252.62462236727887,"input7":70.63347353572732,"input8":253.6568053842288,"input9":70.10522318165204,"input10":235.52490115398086,"input11":94.62687144734937,"input12":251.19043301885355,"input13":93.78217433163528,"input14":266.0855043050606,"input15":122.56829096327516,"input16":290.4398671646564,"input17":120.53581111379998,"input18":324.6132679245857,"input19":103.22470949407207,"input20":329.651810495477,"input21":103.34106415568272,"input22":233.23202568188046,"input23":196.77675511172407,"input24":246.29930105822825,"input25":189.41226832815545,"input26":223.57065985309683,"input27":251.3089274802403,"input28":266.70780888310185,"input29":247.7886296619913,"input30":204.2847762377406,"input31":308.48968565347826,"input32":279.4556280720768,"input33":305.6296424791362},"ys":{"output0":"2223"}},{"xs":{"input0":277.0356354890046,"input1":81.6090000442594,"input2":277.88288227995935,"input3":74.86381188703092,"input4":270.8969401755528,"input5":74.80392069379721,"input6":276.11933568764846,"input7":75.52457783422042,"input8":254.61534198961758,"input9":73.73390301858703,"input10":283.5559611478512,"input11":110.52822358426991,"input12":237.1802865785,"input13":103.35534792894506,"input14":294.0887814051459,"input15":149.76958157723408,"input16":212.84549408256424,"input17":153.372634976928,"input18":297.46376929924503,"input19":185.44463100024365,"input20":241.61957039935314,"input21":183.29957036247026,"input22":288.244148834407,"input23":191.24037952683358,"input24":247.2368623313383,"input25":195.9134300782202,"input26":298.1760281568382,"input27":250.39627283404906,"input28":239.92571070412677,"input29":261.15453961764626,"input30":324.0651052969473,"input31":300.30049656799196,"input32":205.75994123492325,"input33":318.65399355079694},"ys":{"output0":"3460"}},{"xs":{"input0":301.09584250645327,"input1":85.13373897321972,"input2":306.8370933607075,"input3":78.52478711460998,"input4":295.9314283106992,"input5":77.85798695584717,"input6":313.6398321378533,"input7":78.75681090773196,"input8":288.9451560453597,"input9":76.53474893253912,"input10":330.7443314639681,"input11":110.05947953311554,"input12":276.75195169727704,"input13":111.8281605740969,"input14":348.9540644417032,"input15":157.9015568961874,"input16":261.6400957014593,"input17":155.95077187461925,"input18":352.75301808734616,"input19":196.13211559273344,"input20":259.24264045254296,"input21":200.1534566451699,"input22":324.7367582265396,"input23":197.51026770757187,"input24":283.07836878369426,"input25":199.9926031309726,"input26":331.2495752524214,"input27":255.5702682405884,"input28":276.7485632348014,"input29":254.8926474290517,"input30":337.76219611511823,"input31":315.1318029214067,"input32":270.7538615146808,"input33":308.2821922971491},"ys":{"output0":"4400"}},{"xs":{"input0":296.35696619342406,"input1":87.28022703650402,"input2":301.03666725679216,"input3":83.08943988286958,"input4":291.1266126130756,"input5":82.90719610441033,"input6":308.7779857494213,"input7":80.78548884995962,"input8":284.1416360063162,"input9":79.81380109433772,"input10":326.7281926026818,"input11":113.80577459205196,"input12":268.47044946622196,"input13":115.91998808565194,"input14":353.19748906364214,"input15":147.42573342128105,"input16":257.5170968336436,"input17":156.746444255985,"input18":378.61763937431465,"input19":125.05726656253808,"input20":252.53913329126308,"input21":195.33716659099736,"input22":320.62748661747685,"input23":198.84726057740448,"input24":277.55479451973304,"input25":196.51358859116107,"input26":322.33710216499907,"input27":260.96691971866244,"input28":271.48610670896534,"input29":261.1564667461908,"input30":333.7437233729669,"input31":320.88950545699504,"input32":262.5183944255985,"input33":318.7097369485896},"ys":{"output0":"5305"}},{"xs":{"input0":299.2463496507492,"input1":96.9383099948221,"input2":300.1405981409619,"input3":90.11823390194778,"input4":296.0733299924616,"input5":90.42843586287768,"input6":305.8336016262716,"input7":91.46535416095577,"input8":297.30090150591457,"input9":92.60893050225388,"input10":325.54640861050194,"input11":116.51701691090244,"input12":280.7130878292329,"input13":121.3812743664717,"input14":325.4711366768701,"input15":158.65267532378374,"input16":277.3503289771126,"input17":166.61444769965277,"input18":296.50668406347086,"input19":126.88376502916361,"input20":262.4656570166872,"input21":196.9224909732216,"input22":323.2460509777998,"input23":198.35408625314574,"input24":289.7090526677479,"input25":198.2344428465845,"input26":343.93580029582415,"input27":261.5738749364663,"input28":272.7107408311632,"input29":264.05768530178256,"input30":381.545304712961,"input31":321.1165343762373,"input32":258.75986140141475,"input33":320.11395980507774},"ys":{"output0":"5812"}},{"xs":{"input0":343.72938368055554,"input1":100.40421350192835,"input2":346.6948290968034,"input3":91.51721024838571,"input4":341.81220413416213,"input5":92.58429633246527,"input6":359.04965203640285,"input7":88.54454947726302,"input8":348.83823149385506,"input9":92.38123843544406,"input10":375.8349445781745,"input11":111.63686949374846,"input12":372.4353515149092,"input13":110.20967122871738,"input14":331.815339621977,"input15":137.43343955592104,"input16":337.32374953480024,"input17":140.0535876848544,"input18":285.1582190679063,"input19":124.08024035002052,"input20":290.5754824037905,"input21":123.4113976551078,"input22":378.58324612325623,"input23":204.00510970147263,"input24":359.6968048125447,"input25":202.2635449861225,"input26":388.8743148119593,"input27":268.10529623347645,"input28":345.3073685257523,"input29":262.830775746128,"input30":407.73920070358184,"input31":326.77304511414167,"input32":343.94755997388216,"input33":312.14814719633284},"ys":{"output0":"6411"}},{"xs":{"input0":350.9308033844648,"input1":88.03479765358492,"input2":356.455446358545,