{"0": [192.97410753038193, 53.56987430803025, 193.74430814449317, 46.80302313196728, 191.57846075284783, 47.619732416164084, 200.65703564917135, 41.7381479958577, 205.09156463206625, 40.850030776352895, 222.15941817672163, 70.98153038099261, 212.13102760835463, 65.72221246611537, 223.77010739570008, 126.26263772767419, 203.51786979690164, 119.7056478645369, 210.67807024682475, 169.15721692537005, 201.47297180651688, 167.14485510515652, 222.70183600412705, 170.78035053453948, 215.0508775023224, 172.2871497081734, 213.19515176219085, 233.12956395437374, 216.02419223004614, 232.3626857705516, 227.76343392117445, 296.3099179630391, 226.80225692064906, 293.68780005977396], "1": [178.05409987302784, 188.1625044973273, 178.94765433744612, 177.3479742752878, 177.57876345985812, 178.04993255793698, 186.04683264421905, 174.47623745507428, 186.51936135096855, 177.6019251416301, 199.00928638599535, 185.07064968057074, 226.36524817632187, 170.84919771488183, 153.83226718121801, 220.77463339643867, 222.38574200903463, 202.0750320166872, 101.38438100238524, 252.45768169678206, 193.03960372597618, 223.92765394660694, 260.9026180512724, 231.7079064441703, 277.8436077036123, 228.70381435223254, 199.2505116676494, 242.75195056699636, 211.62264699359616, 246.51497705173307, 222.37346031977185, 298.6586860745971, 229.50230053758526, 295.7295952809949], "2": [269.5809175071196, 169.13113956562955, 274.6854241503145, 164.15992424502008, 273.80881088286577, 161.75272430360434, 279.2632437774777, 167.44180363288865, 277.8182601185105, 163.4050193028143, 272.3829909653691, 191.57357377615585, 283.9926894041065, 189.32466086820784, 244.57882827253135, 164.18155662729959, 252.7126111482319, 168.5852871721948, 216.64876302083331, 152.11883306968048, 209.39534921627526, 151.63524069981264, 223.81655687477155, 257.22275538751256, 232.5597781651666, 255.92297053941274, 170.85097998903507, 220.25154098897417, 182.99301177205166, 200.31961243984523, 199.36915228473745, 277.4163419786717, 197.0018097578201, 275.678201418871], "3": [0, 0, 0, 0, 0, 0, 0, 0, 0, 0, 0, 0, 0, 0, 0, 0, 0, 0, 0, 0, 0, 0, 0, 0, 0, 0, 0, 0, 0, 0, 0, 0, 0, 0], "4": [200.7987635502806, 187.0382702327379, 197.97748424388743, 184.4112736811647, 209.29110997369182, 181.16752118859836, 196.71228509200245, 187.12166709974264, 213.04329855400218, 177.15052271911736, 195.1385251169781, 205.94200803522477, 207.9337231968811, 205.4000253658778, 197.0074100011041, 238.78176620364417, 215.3575440642894, 223.42358297307123, 207.67209772478068, 263.6288678204572, 212.24341498480902, 263.3415579098707, 218.1986953408165, 242.21449913337216, 220.91650964688603, 243.2283927218491, 198.31742493032712, 263.6302964357372, 201.95255926477978, 263.5446895725778, 199.6137906979864, 282.3580774972778, 201.55860395227026, 281.06784292596586], "5": [150.50645437854075, 211.79266916613363, 152.4276376467699, 206.64110923603494, 148.06017304954008, 209.76433172095818, 161.60547327112266, 199.84817965918347, 148.43354758695784, 203.75246668884392, 197.36345257675438, 195.1799201593529, 169.94350916693315, 212.29037874158593, 223.8880215471948, 228.21684898688778, 143.3715094553332, 217.59944164729723, 255.02539681179945, 286.5715232090643, 77.89196705957602, 205.82912452504416, 210.90511745876734, 251.30371153238457, 197.4329408939354, 253.7339595326206, 216.13015068901908, 250.81404301158165, 149.534697950932, 238.03364350317048, 256.87209696332843, 291.7636376096491, 173.55026096396045, 275.19139756468536], "6": [124.39621001423914, 78.60107451619226, 125.71018211558084, 69.96071739271136, 122.33835350467912, 72.14395028573495, 135.50395378127664, 61.36713738097549, 128.97732442814936, 67.54588225663986, 156.1450635527077, 86.06790107593201, 151.12321403756243, 87.171272143983, 203.4208194368299, 126.82073938916301, 186.97323388291147, 129.40761038202055, 203.13564932601957, 174.62247138367292, 207.58769847728587, 176.7461596037212, 174.7059702733804, 170.7638186925103, 176.80087976288377, 172.1169306288453, 144.0188568888584, 229.48450040166603, 157.74006328619944, 228.4836987352278, 184.38146907218947, 279.52410867107307, 181.71990481965955, 279.423960040652], "7": [155.48092312282986, 50.41362621166087, 157.0191482633178, 46.46187944021838, 155.1797506172522, 44.54359593679564, 170.27251542892603, 43.89704148439404, 177.12377537063688, 40.51583436962224, 174.2151455944277, 70.37143104954768, 184.48186952468245, 67.47641401681287, 175.03567879660088, 120.47762478536566, 180.33412762320296, 117.61791727463867, 155.95501488877085, 166.6003382275676, 156.45083421852155, 163.39638336360105, 179.5959477629113, 159.32409857216402, 193.91459028158502, 156.38440107973923, 171.656181826229, 228.0834925244426, 180.07882964076586, 226.47631252950623, 182.8528504250807, 288.65527117693864, 184.39777009900783, 286.88056098090277], "8": [158.6433821858486, 50.667365893983, 161.11966644346597, 44.48404055589819, 159.71758202967354, 42.96739158109847, 170.63809162459643, 43.85777642620005, 178.87962281820137, 42.001075670268335, 178.71994152403713, 71.45631845931558, 197.02746534440485, 70.70406491761085, 174.91901479501703, 124.40756219637092, 185.27415968986048, 121.16247210586278, 147.09056831939876, 168.18279779445356, 155.15627914934362, 164.15760330289424, 181.92348145602043, 164.13206193414578, 196.9992666263097, 158.7058715374149, 169.29612723010325, 234.69267817268593, 180.49919559709278, 233.37791100812467, 183.2940885012145, 291.71935321294774, 193.83042839303118, 290.2932376378228]}