{"0": [306.19026645117566, 46.9855146798474, 303.45026027389434, 43.875290125201786, 303.636083175332, 43.94613344069808, 298.82738897907336, 44.29584555226228, 299.6601239700763, 44.848080164740196, 310.62312492385473, 63.634330347964635, 286.83993869357636, 60.22540982936093, 329.51944689536884, 87.3608707777473, 284.6742483514559, 79.96371029413234, 321.33387589779977, 134.2068261338024, 316.26324718690984, 69.75112647341007, 309.08300210160814, 129.10928529140773, 285.13961821736416, 127.16618052700107, 310.60622484828065, 171.03255600957146, 282.73365518967773, 172.8940104880528, 311.7859933715582, 204.4955813164367, 279.04127437004104, 202.84299110576188], "1": [307.04093888489126, 44.40353690996969, 302.1052661323175, 40.93182539614551, 307.7565867998446, 40.889147708290494, 299.29765866746214, 44.33243719922635, 312.7850282308418, 44.87603379039504, 286.86633491144306, 62.140977350127145, 323.869507549799, 67.48361509445814, 271.874114811769, 90.65286320320112, 332.24676834909536, 99.21745913767674, 268.51053219324893, 116.64482785944352, 327.9419730560124, 119.9432259647005, 286.87243247822244, 122.93412414907709, 311.5782186348303, 124.2503434268587, 289.8095078496208, 165.11178773281398, 307.97437403866655, 165.0217126916956, 280.75073301675957, 200.05362958703586, 316.97077715838395, 202.10324501201188], "2": [300.8711522271526, 45.2922412061784, 300.79968710856593, 42.7787411933289, 299.9482199090731, 42.272984316939244, 299.55049200597097, 42.79443989952637, 307.352393077828, 42.436281319482504, 280.27493482444714, 60.80669819495367, 320.10033538699383, 63.84643286989444, 266.5975797478451, 93.13607080173304, 330.6176930329023, 89.84907421684636, 266.87425223010325, 119.68061614454837, 311.64796528063323, 88.37081819947002, 286.27475671600877, 122.5198227434363, 308.26221071953427, 124.19374283758981, 282.9162083081102, 168.94602576659202, 312.1016403109009, 172.17225667793616, 275.961701986153, 197.91282862018187, 312.603946559378, 208.45608597842806], "3": [278.7071290490223, 44.91488867568225, 278.47654390985736, 41.13233882316604, 283.68418643349094, 41.04714718943217, 280.7225171957332, 43.04625810470728, 297.9985196595071, 41.37356272914951, 270.8345242922301, 65.59636642128868, 307.8634488884701, 64.92272390027259, 261.05041444417793, 89.93908620020102, 314.1365595588907, 93.18387334574498, 256.51410495096246, 115.35343370939555, 312.7476141559682, 128.8670262862832, 274.23161913776954, 121.07314200893944, 303.3622970729776, 120.83960267303047, 280.01182953981396, 165.64915945190666, 302.4742403086166, 164.47764554683692, 279.3772021511145, 199.40841369926346, 295.06557739733717, 201.56373750861388], "4": [291.1693794592547, 41.36979413543759, 289.5076247544316, 39.11145111738355, 297.312774509482, 37.651936938191, 290.58286789565057, 40.10875545747098, 308.08799223128347, 39.505983282018576, 277.16831437793155, 61.3940023678785, 319.17869642231665, 62.568018208702625, 266.13542225858157, 91.89787093194138, 329.500173230385, 91.95768300552814, 265.42584454571755, 115.44427377206307, 325.3267302336516, 115.9274988007127, 285.4187118797971, 119.60162473236142, 309.45991144310426, 119.90837855645788, 307.0603565119396, 163.88914409436677, 280.42071009704705, 167.59246409752677, 310.37932338305615, 200.11307015521248, 276.9178492376911, 198.3802661561129], "5": [292.81604253757763, 41.85333043743526, 291.9102350127162, 38.883002506129685, 295.67816691556635, 37.74195754737184, 291.4394647847374, 39.99143633926124, 305.78542133056163, 38.65711264210603, 278.22667990046864, 61.11640365035444, 319.76541225440786, 64.03902942441823, 266.9987038655123, 91.25819512975144, 326.837838751066, 94.3418155543753, 265.89394195735105, 112.32528240360014, 326.07976961786517, 122.53947326779132, 289.49422141032375, 119.31222220378078, 306.6475048399808, 119.64177968209248, 293.48455893830715, 166.17606715152135, 279.36026418882966, 166.4259008217973, 310.496476974636, 199.42152354219968, 276.19834171168753, 196.82550203498107]}