{"0": [307.2778867606299, 72.40690591972009, 311.28894292820263, 67.43580184252406, 304.8214168437043, 67.15537682843717, 315.1461851480644, 72.72925899275097, 298.151012517323, 69.95915760538497, 327.8639128984299, 96.67349356192128, 287.8213911446911, 97.50651517574317, 339.4222940850211, 125.01740394279972, 274.6323527137206, 127.10209718224598, 339.843825996503, 149.49658667134958, 269.5812786020498, 151.88011303282622, 323.0337729649237, 158.1682253534566, 296.24722367374056, 156.8143408107943, 324.73448814704403, 200.76937342712517, 290.1424849660773, 201.7040838646842, 327.5894575509411, 237.92170370298982, 289.03184500354075, 245.29638636181926], "1": [317.9472359997487, 78.88907642624764, 319.0973334284554, 73.16988582499542, 315.5528949343438, 74.8770477711341, 313.5578820301078, 74.50690196968657, 311.18097494917305, 76.06582849811159, 307.328575089661, 92.0349858750609, 303.5832324409113, 89.94653772424766, 320.19253156338516, 111.57196699294894, 312.0787610505756, 113.21287575288588, 333.7664854410331, 116.7503398575513, 335.9349878024869, 118.98936730844002, 317.8516505429154, 158.39116622597618, 298.18238025985033, 158.64072126719452, 321.9489527771115, 206.7225697537844, 289.5476604855781, 211.79314328913102, 325.13122439616836, 244.25710101806163, 286.3759572882401, 250.23752193934268], "2": [301.5216666773746, 74.661706995081, 299.7503075032671, 71.27865975363213, 300.7667287190755, 70.9276403832389, 295.47610277320905, 75.41666398968613, 298.84918361611767, 75.46490585594844, 305.969965230187, 97.13883665802416, 287.04371878045805, 94.31356270178483, 324.45976510150155, 129.38768888774672, 278.19966321800183, 108.12856335853738, 322.86176298561617, 157.26706521552904, 278.1901820965445, 154.33903446903935, 304.9025656419423, 160.0798769350405, 283.16925524735774, 161.14856504325047, 311.8752522310551, 209.29803859420684, 281.2253525940298, 209.0040406939114, 314.42120319686205, 247.13770459269915, 277.5135825530827, 247.83106277793007], "3": [289.46867052342225, 70.90565225999023, 289.99242771438685, 65.34920973154999, 288.3524553027534, 66.64364463404604, 285.33884922198615, 71.21033785635964, 289.17273389433325, 68.99808589942737, 270.64458716914896, 96.65986921819794, 308.7262468542504, 97.64298942818743, 257.0280023764448, 126.89704285262854, 326.9426865605583, 129.2383252714577, 253.4585279795626, 153.14575552243235, 326.58385457118817, 150.6569191261574, 275.87669268453794, 155.43504354317054, 303.2667972795215, 156.0572553192198, 280.16381083408527, 204.10044144003945, 296.94431535449405, 202.8604937993992, 283.4131662469161, 239.99345433642293, 293.9786706519173, 239.4967773318523], "4": [287.6823761402747, 69.64329769736841, 284.72117998446635, 68.53184155321028, 285.95878199527135, 65.53143477114551, 285.3339628401788, 66.35108575951054, 286.9961916679992, 63.63467032449287, 296.1721902888188, 80.38544779400146, 280.9972818831951, 92.09419235616167, 304.6153083786397, 53.94370631167763, 275.79829284786945, 108.27978955839575, 307.32828300134014, 51.19240744072093, 266.2865901597527, 155.97122400592406, 301.79109986065424, 156.49246186076084, 280.58476899799547, 157.85352487545492, 303.20082130952653, 203.13767431307485, 272.6143225359405, 204.0614767985502, 306.7396923161854, 240.04199721427455, 269.9137560154727, 240.8186020581578], "5": [281.7550543177197, 77.26433796724612, 283.51555450617917, 73.81515830116197, 278.7410901164451, 74.62540059526529, 289.6119924920809, 75.2470362256145, 276.2463152850116, 76.9423801950079, 304.2409656665943, 96.07547068456458, 268.78620348478614, 98.4668797126755, 312.46298806709154, 129.16038052148053, 265.6608406052022, 127.1479949058845, 286.2930648833455, 133.5410313299525, 263.8684001721834, 143.80722075642666, 303.18962498715047, 160.32148744162993, 276.1597780223943, 160.98161069040873, 307.6244141576815, 207.6989579526072, 273.96789253338966, 211.9967835781402, 308.12628257111965, 246.66010984900402, 270.9954875626294, 248.6203223036976], "6": [283.8017558493809, 75.8019802398384, 285.6240404511985, 72.57175497609038, 280.2719130339446, 73.57887788590398, 292.6027294255604, 74.37435276559452, 275.37868150261176, 76.18688512731481, 307.99326638264495, 97.34170746385004, 268.1581184134381, 102.0178633126599, 320.6307714213172, 131.12134966933934, 259.17377092684916, 131.4279543633117, 314.7331029583371, 159.57599809062873, 255.26716979623538, 158.1540220383315, 301.3101127877338, 164.9481855544895, 274.5781185752467, 163.74567846108596, 306.05790582549037, 209.66207284908774, 271.0412014669377, 208.7619619388097, 310.0885200128685, 243.50184539140548, 269.32237056263705, 246.64838526913525]}