{"0": [300.82489668044894, 67.37278572067646, 306.3905361242461, 61.11579181158052, 295.5402286522105, 60.76459085267422, 314.3325192932962, 59.673017205318274, 288.92335828517145, 60.415435329980085, 330.57064480251734, 93.32979971902412, 274.3440856338709, 94.77628473649943, 350.14397574679424, 138.31095444528677, 262.57804201360335, 137.30269686752825, 356.7084430300469, 175.88063766152305, 248.20534629896136, 152.22645661054764, 327.1129663181119, 178.53375120702077, 284.40228497540505, 180.74830321075854, 334.0358515510782, 236.45290917588022, 281.1771290204678, 242.7172473810802, 339.3291970582036, 296.9883741412246, 278.57268744277206, 299.78254128617846], "1": [310.05779600979986, 73.04688273349933, 312.83841079206263, 68.27158907468322, 307.17314484058994, 66.69968989857455, 311.5119687204937, 69.15189865736932, 295.3376261393229, 66.52126914576479, 326.2601772851182, 101.86952884666636, 280.85599233764884, 96.41514709353677, 342.91029366833425, 144.79589986522296, 273.0488761916727, 136.73686096310382, 352.684438010173, 177.1626082451952, 300.9030368500053, 105.36448755691853, 326.17500111838297, 178.72703351472552, 289.59443447417914, 176.71828331305966, 335.4386348612824, 240.8280183371977, 263.7121647468552, 248.30716971533104, 349.38973767018456, 297.49954610307776, 235.22615399277, 297.94802556028606], "2": [270.53385119224384, 78.39176631577993, 267.43177447402684, 73.63423724853038, 264.52847426862513, 71.5776320786504, 247.8677255135995, 71.867014269615, 252.71104600694443, 73.65017361111109, 237.64847009967409, 97.05097354643524, 240.46755048963757, 98.63408733762029, 267.7991269950049, 124.19035615976787, 284.05960320961634, 121.78574247899343, 323.2801325093468, 102.39938747115997, 327.51180964836135, 102.98638059381852, 234.24822236594633, 195.19583867539671, 251.5884964554398, 195.54945769133388, 224.58832381993938, 250.32395569204584, 240.8503761812028, 249.21655606572853, 202.65083327860395, 310.60436702378774, 202.91087962962962, 304.8774228458516], "3": [276.70465450770206, 82.79056898566947, 278.1643910250004, 75.79332169501171, 270.3912561725222, 75.7043983504089, 277.2070120649728, 76.02059407076175, 253.48702413993968, 74.31043658340184, 284.1153980277435, 111.38001321119637, 237.01443885966813, 103.28091389022143, 294.407083314297, 149.81112593563444, 212.69006799768516, 153.0895008585374, 298.92845298811704, 188.42493127893516, 236.30703277290448, 173.17162407769098, 286.879533615261, 190.8345016866167, 246.98156167192067, 195.9117037232159, 297.3366687915943, 249.20039900097464, 239.9290901317931, 260.35830692938197, 324.11729451973304, 299.5864155417994, 206.2847555357578, 319.2820608499687], "4": [300.31167987726815, 86.08491715399609, 305.1988514682703, 79.97740026105913, 295.39280079029226, 79.25396263018453, 310.94448989362513, 80.46827282821923, 289.83073868481966, 78.58078099598427, 328.3433505945038, 111.0918100814373, 272.26029899849993, 113.29084191870734, 343.6299270124231, 156.8097911336501, 258.5829022799784, 156.52437920226453, 344.5090054815043, 197.7009640520776, 258.79169397186814, 199.91734357837578, 322.8648534109253, 199.6068425206413, 280.9916960658618, 200.3341634649979, 329.14550662273086, 259.33315238060305, 272.14827866582146, 259.2428521570871, 337.11773208707393, 317.3287261903402, 264.55107155366716, 310.3161978024488], "5": [290.62276501869366, 86.7269260934454, 289.86992967988544, 78.82154349462795, 294.68526501869366, 79.58370847311633, 280.2087029053686, 79.61518272786577, 306.5465011745401, 79.48264943693579, 266.0092347500152, 114.69021713524532, 324.11909583019235, 111.14781310916177, 256.1216518706978, 157.4857728894923, 344.7904590510021, 148.04105108011998, 255.8979238171791, 193.80497030812165, 360.1979067915829, 110.55082384373475, 275.21465844345835, 197.7581141659623, 320.3635027255231, 198.48289556670608, 266.87920226455896, 260.65829836601864, 325.3628004642955, 262.43625246758114, 262.7664948996977, 307.70898889612266, 331.1412586710374, 324.2161765293768], "6": [341.63315949616606, 101.57472978558457, 344.39898990980595, 92.00514349091586, 338.2865051358764, 93.89254266987999, 355.7958585802342, 87.29230795222648, 346.5218664098669, 92.69165455481692, 372.14716801634074, 113.65333482768335, 363.57705040052383, 113.73673466911092, 331.2589815671448, 138.8433335956774, 336.38143290320795, 141.4483861198202, 279.01227939895716, 126.50124116715398, 285.040628236172, 125.28803477742747, 376.4449118452462, 209.13543046798856, 352.4294341981527, 212.5356502421418, 386.0711069088465, 272.35532288430494, 342.1088193778173, 264.67189260858305, 410.6748786911397, 323.03381103753577, 342.6153546606588, 312.24783200269553], "7": [351.6628451282285, 85.9635345280519, 356.60369843302647, 79.46380985178212, 352.52473827458726, 78.29438282035247, 367.1728230080409, 78.54814719038399, 367.1194071332846, 78.07789852744654, 393.5937089529651, 107.78082596628289, 352.2015678301657, 112.9791652389437, 416.88452900966473, 156.54077184130574, 349.05638875087567, 160.36472112347042, 396.5559074892635, 194.52418812534262, 332.4505823443972, 187.21584030062132, 385.8276658680936, 201.55119288037395, 354.8201729400813, 200.15094385277223, 391.632961102164, 269.8555489404392, 335.02308211596153, 253.21753548367445, 407.02286391230354, 322.6661899261772, 335.00660470587, 308.310155440957], "8": [306.0163168507477, 77.52633018568011, 308.5100045306408, 71.28253602145008, 300.2979698701676, 72.61294418840612, 316.461013883178, 72.67526072600663, 289.8221586647554, 73.26194004705775, 334.3232860899808, 107.09543269047725, 275.77699984723364, 109.56285383733857, 362.62956764265806, 150.68605062324866, 252.31490642703764, 150.8576635171098, 378.474712483367, 191.69997901247257, 237.2177744190595, 187.55498518023575, 330.61125221772966, 196.79436756156338, 290.03048069528205, 196.2549714503, 338.9808218288607, 262.02840317991974, 287.3580296090704, 270.8874291611461, 353.9841245535986, 325.6086186637655, 284.0396778485928, 331.5369473284448]}