{"0": [331.46542614198796, 103.407182897973, 340.01117728607, 94.02990449009349, 333.21654797529845, 94.8907964457313, 362.5487061736644, 98.23408606456732, 337.92717158445834, 99.64154189557823, 378.86421140406793, 145.6746817843491, 362.67294900459154, 141.05828015660217, 371.78666440134623, 226.4257378234268, 354.4815349021153, 205.65755922194808, 316.9168675294396, 176.35767886513156, 314.9877846403661, 176.8866978100633, 395.18375419036687, 271.671613131815, 398.31417686060854, 269.5794201826724, 347.5261404175042, 356.2282712464212, 349.3047601948937, 355.29208713107636, 357.2639938265259, 434.8925373754073, 357.3023430599339, 435.3943076328924], "1": [328.4196219342029, 105.84072358426991, 335.7244620220935, 97.3205422146743, 330.9206552486903, 96.8885770504005, 357.19503584893357, 101.77670603374756, 339.99378538968267, 101.39462729411281, 370.79856411523053, 144.70618948834215, 388.2071815178408, 137.06769069500598, 346.3925736038773, 223.90000400952192, 375.8308428491068, 209.61905377185366, 318.9823035747684, 169.17593258863303, 320.3554643478542, 168.509521484375, 385.3839599133467, 266.3622588813886, 401.09793278208946, 267.20049227887426, 356.80906061540566, 333.84456582469085, 371.72330919529725, 340.31055472747624, 346.5985285887244, 419.7648794609204, 377.53109506231533, 401.68138857241024], "2": [323.77852233529785, 98.64506682457281, 329.4992083276224, 90.74187102141204, 324.09093637447836, 91.0166202418753, 352.0017163609436, 87.52814279894613, 327.453916077493, 95.55106566430996, 383.5397541127939, 136.6460280390511, 341.34682073463006, 141.93088762011905, 385.4326244450917, 215.13265092935245, 321.862836246602, 194.26194397329584, 327.3076518097816, 193.40659396225482, 296.73338118584763, 170.07164313779236, 384.0011141592996, 255.13963546901647, 376.38850935253714, 254.42804764121132, 345.8255653306987, 361.19881895782885, 347.16472722401164, 359.3258112820036, 357.54210607814974, 434.53829313579354, 359.1332266623514, 434.9776543511284], "3": [350.89766652960526, 90.81692760683174, 357.3390925000285, 82.6725168209559, 353.40939765320417, 81.83145370632118, 375.0001136229517, 87.0192023978131, 362.1787480582968, 85.34259758962293, 363.14126473885995, 130.90499312789348, 415.23703413400034, 128.4657106157864, 299.5778651544225, 182.574628565976, 404.4303938659311, 186.21123851158927, 297.2465637088054, 159.29742876316834, 383.8616134316368, 204.0312929506655, 391.8814307021351, 267.1532786705805, 434.85975239476727, 266.20773226197, 357.39029927095703, 356.611077083714, 402.0630813806842, 376.08522084256595, 362.73069087989614, 420.8973256607502, 416.5987246031882, 454.3090600205211], "4": [329.11143877352885, 88.65218908001339, 338.3065140781811, 80.21183065968413, 328.3481626157407, 81.81970012582997, 366.93215293958633, 83.2893799898917, 327.9819933201602, 88.68378220942981, 389.4123867101836, 128.5469355592486, 337.71047536392655, 127.56319637187039, 383.7780612997609, 207.73334228039715, 282.9388784665113, 143.73776203475268, 349.3387917561373, 156.49194996259365, 212.6741108141447, 136.77632530762668, 391.18372034143516, 256.0259313750685, 386.94231356793676, 256.7937728257207, 357.19664530912104, 346.9583361887792, 371.559182923672, 331.0248784293905, 346.43344455295136, 417.48253865083984, 349.36787685223254, 401.5923852158336], "5": [326.5702037551017, 89.87787912231207, 334.63348001996906, 84.60991277564571, 326.61154763740404, 83.76106961196393, 356.0061844794141, 87.62016608701114, 321.38888888888886, 91.90688878704464, 351.3053349723593, 121.80971379865679, 386.6064518562302, 120.90119568228022, 270.77432316413865, 155.36828232555126, 359.8670617042229, 165.82031012046173, 206.2430719743695, 143.77130906251904, 342.95488859477797, 158.3528828016731, 374.6491906238578, 263.64262631064963, 406.0222240544667, 264.95561090361537, 348.7476817348547, 340.4310509754203, 371.20443838614, 324.42230284097826, 358.271290814435, 421.722249705889, 357.96258729336085, 401.0336883723387], "6": [338.94061767102215, 90.59559307135567, 347.43398268552784, 81.38284887719107, 337.0866576969972, 84.27148205495018, 372.3954645049037, 83.98375810470728, 332.835739760371, 92.95039126747531, 399.74202507420586, 130.04386440819928, 342.2418843468262, 133.85014048793857, 393.52343285990037, 207.75128340395798, 293.80228202477764, 156.80146572417914, 356.5041120800591, 150.81698293109616, 269.56592879564903, 145.54322240877798, 385.3683673940439, 244.90061323080374, 366.6365595588907, 245.68108214737146, 379.7319205509059, 336.5207322624459, 392.74869506122076, 306.95858841983426, 360.3644422713311, 419.73106711463856, 357.7685148302342, 400.4268063253362], "7": [333.02136397036423, 96.24262819048488, 337.1600310565435, 86.43251831768546, 334.0550341987238, 86.496940746642, 359.6175536960654, 87.22673204210068, 342.1673566137838, 90.21522804542823, 375.2183422661199, 133.32924588149518, 393.7777156718293, 125.2062904997411, 350.17574674669527, 202.56207263492934, 375.85069890607866, 189.27921466195323, 324.5567943431713, 153.6586084793418, 323.1601011636894, 154.51328924524853, 390.00184771145524, 264.11947031002524, 416.5256962766889, 266.1368791308784, 353.76985367743356, 344.30887977049827, 372.18740957754625, 339.18325085853735, 361.9741291841801, 422.1221144529346, 381.62623860915033, 423.3657640602156], "8": [328.78432781375636, 99.54262222230548, 338.1533319722374, 91.03227284451904, 329.76440786618235, 92.17901040238942, 360.9899514181572, 89.71734476368329, 336.36725591172484, 96.43423664174813, 394.15788795515806, 136.5968123467577, 338.8591293795996, 140.46551784344348, 386.5496790478801, 213.88251589055648, 313.1283539591709, 199.2266788259584, 351.1300403379325, 172.66890081513463, 285.0902071054916, 151.92557589584857, 397.10627000001904, 255.91687208030652, 367.0559870848181, 253.24545520090913, 353.40985511943376, 360.43547290110445, 396.5494839257432, 306.44314117134195, 357.321676064653, 433.6274978013066, 353.4217319897508, 398.37863252874], "9": [331.4077687402915, 94.29544549239307, 338.35383484005695, 84.58675927353647, 332.53540752923976, 83.93429969951191, 362.30746144672116, 86.45741007249023, 339.78823102240904, 87.52041227403905, 388.0175495705409, 132.90084690146045, 354.73723770349807, 125.37269636901499, 360.5678256445693, 203.8647321139627, 335.4851173564472, 187.69100375110406, 321.6642280861183, 151.9561648601212, 312.7425118310642, 152.78219777008707, 398.7116289045843, 259.60875959191867, 396.23750861392847, 259.82252303155076, 360.97855105037576, 352.4745419150904, 367.48252943012915, 348.5696369490893, 361.8179122002733, 434.9048749838191, 375.50124735395343, 434.2858761792992], "10": [329.4112796300103, 87.42847881354317, 340.16398699427674, 77.70336738571552, 332.4510909706993, 77.2496575547008, 363.74869720280515, 84.32549935800057, 339.7406678078932, 83.65509360389635, 387.3653722692419, 135.93886853193908, 352.95743172628835, 136.89989324201616, 412.8554851688139, 217.86904348035068, 323.55670862030564, 182.04823811848956, 342.2648100081475, 242.2526398597405, 293.3172149360761, 148.65979943823857, 399.5269065804881, 257.84536692598874, 360.90948257297566, 255.67341468022812, 349.82012594420075, 356.20988157989916, 342.13143718637684, 362.0629594293486, 353.7775253087689, 399.803855107774, 361.7856334663971, 420.0260269432737], "11": [328.48304971616864, 87.72573311194108, 333.74768589904664, 78.64557991250913, 331.0801378514102, 78.76744818733914, 355.27975190220286, 81.55401858205218, 339.9226302059538, 82.0193167643705, 355.52480061848956, 131.50025187412433, 405.00245330394125, 125.35561128434148, 353.5193656341374, 200.85387648197639, 392.38726937515224, 201.69339066592806, 299.41003328178357, 248.29807095592713, 306.97384244982027, 245.82385444269306, 391.85427838598775, 265.37561665733887, 416.83106078506677, 265.3907005503396, 350.107464111804, 362.1649086638036, 372.680156625967, 350.95700745461744, 345.62985247338725, 417.805563051101, 379.19970633226063, 424.09681115698857],