{"0": [156.43796656796343, 183.14683910466542, 160.8279926084403, 176.74116614269232, 151.49045888443436, 176.9470161304139, 168.92382943374605, 179.4377769782529, 143.81002504226058, 178.2144765872472, 184.49562652766355, 211.41616315637182, 129.2796780770285, 214.61026702940347, 198.47608517949806, 255.22006118506715, 115.71771424648588, 255.54795263338738, 194.41235488385945, 292.83453690378286, 113.32999484116104, 291.66986476608184, 175.6161302711531, 296.1827016016196, 135.61844318233733, 297.22404004072814, 178.80599276596575, 357.8332788716515, 135.98274751481023, 356.9133221661603, 184.37712254812374, 410.433997438665, 135.9014348258749, 410.87463319417793], "1": [158.82467835037795, 192.38736693622076, 162.99158375165615, 186.41213340833636, 152.78367010938263, 186.33186146994547, 172.14327033267847, 188.0121801424677, 143.8263721726326, 187.51735813668827, 190.48885709825777, 214.16507297092014, 134.47871068764846, 220.89325575800666, 201.43282929359123, 247.45320638020831, 119.67044874938608, 263.59190556040977, 192.31261612146682, 242.6667571486088, 111.03757861994393, 292.8865565844679, 176.52011328505722, 302.5508272345768, 137.75421588741546, 305.0050047638356, 177.93635927910458, 366.1186405650356, 137.47643751475312, 366.2607406408001, 183.18103009497213, 419.2278587051302, 135.51771584077653, 426.12900940298334], "2": [161.84171784458567, 195.0647038093552, 163.5205435055738, 190.23016559682625, 158.66230449713692, 189.9694425646092, 163.2594775224057, 192.14348449112146, 150.7300102129782, 187.87976478740254, 182.59072524994667, 214.71558182327834, 131.689765439396, 223.02840383429276, 212.46215522870216, 210.2643054270605, 113.24978834007217, 260.008209406981, 241.1540485404388, 195.488304450498, 114.10936976501583, 290.3396576701084, 178.22469871178936, 303.10599254585844, 139.60932106999627, 306.3906961481938, 185.50649661534476, 363.3114582381518, 143.66109390704952, 371.58974928233124, 191.30409047385172, 413.415658218354, 143.8718754878053, 426.0129545631929], "3": [187.3349367851867, 203.71261180260493, 188.06297674048943, 196.4712759393465, 183.60549837525127, 196.91880254020467, 192.27804678457755, 192.61408517699957, 188.77083523696393, 198.21318806728192, 211.0508623922545, 221.942518505669, 219.89935787565292, 219.50466743454365, 177.40846749170015, 214.73694442540813, 230.77777111507066, 266.66401824058846, 148.729919076663, 183.53314821715475, 211.72794334604959, 299.1714845995689, 217.36599942629329, 301.62042985882675, 210.96102946915357, 301.99546501650445, 186.30546822650155, 370.68373592741074, 216.93108363458288, 366.87718084681103, 193.24974610326814, 423.6452087045413, 225.16792936864186, 422.11954752604163], "4": [144.26653053328306, 291.0598314668235, 144.86774942795898, 285.5678327831841, 143.30769380863183, 285.4508374308982, 150.08133975618296, 274.0784280341968, 150.17397874977155, 279.2181537769459, 161.42108954416614, 284.5799674764711, 153.46542209677295, 294.7279295447277, 167.47204637434515, 276.4250885069254, 156.56557704040642, 293.4295154593841, 161.33836073252655, 271.21878938135814, 134.5244629620111, 278.30568116543117, 207.18282777663558, 352.4680225751553, 188.75010886387514, 355.088266294602, 157.5771755642361, 386.2899857608431, 152.04404001812253, 385.292577315957, 182.52657587300496, 417.8097556487858, 180.2899235359177, 418.3437450029696], "5": [144.26653053328306, 291.0598314668235, 144.86774942795898, 285.5678327831841, 143.30769380863183, 285.4508374308982, 150.08133975618296, 274.0784280341968, 150.17397874977155, 279.2181537769459, 161.42108954416614, 284.5799674764711, 153.46542209677295, 294.7279295447277, 167.47204637434515, 276.4250885069254, 156.56557704040642, 293.4295154593841, 161.33836073252655, 271.21878938135814, 134.5244629620111, 278.30568116543117, 207.18282777663558, 352.4680225751553, 188.75010886387514, 355.088266294602, 157.5771755642361, 386.2899857608431, 152.04404001812253, 385.292577315957, 182.52657587300496, 417.8097556487858, 180.2899235359177, 418.3437450029696], "6": [0, 0, 0, 0, 0, 0, 0, 0, 0, 0, 0, 0, 0, 0, 0, 0, 0, 0, 0, 0, 0, 0, 0, 0, 0, 0, 0, 0, 0, 0, 0, 0, 0, 0], "7": [0, 0, 0, 0, 0, 0, 0, 0, 0, 0, 0, 0, 0, 0, 0, 0, 0, 0, 0, 0, 0, 0, 0, 0, 0, 0, 0, 0, 0, 0, 0, 0, 0, 0], "8": [0, 0, 0, 0, 0, 0, 0, 0, 0, 0, 0, 0, 0, 0, 0, 0, 0, 0, 0, 0, 0, 0, 0, 0, 0, 0, 0, 0, 0, 0, 0, 0, 0, 0], "9": [95.87593390927677, 372.99043473212106, 97.48441461931193, 365.2984351442571, 95.19139578003166, 364.57555759719935, 107.79344049345912, 356.94695262648673, 107.36615751686617, 358.98767196179364, 123.86612682082267, 373.99550766972766, 137.72160178736635, 359.8432073537369, 148.26383475439354, 425.2599288613243, 159.78725031802526, 418.4118790654411, 148.72998094465765, 465.71746112310393, 148.4944435402199, 459.928143149928, 193.97059033488665, 421.79433216593185, 198.6000296014559, 419.97077525475333, 133.68975187602797, 436.2774458916796, 167.86012169910452, 429.93283693785787, 150.83534999200475, 462.8513828448617, 150.2935672038712, 458.26042160420855], "10": [141.7962792231093, 219.76346806011236, 143.69166859409262, 212.62591029235958, 143.10734442102978, 213.9062053836577, 157.4957839043749, 213.05913081178423, 157.2944026894969, 213.06356746086135, 171.16587439940452, 242.18009398462246, 175.49583330953794, 239.2781235135322, 147.1295439662524, 292.5901327449211, 160.02253478498255, 283.6947438498454, 115.49937673944245, 303.29660307826583, 125.65954851592954, 300.02606854801286, 183.0669041683799, 320.4456133033797, 186.71144600732515, 318.36390653316505, 156.09795940317372, 374.2537815621954, 170.24441605655306, 372.57777996695296, 184.56739935029088, 416.31249202854684, 185.89345950596976, 417.0186015644036], "11": [161.7518361409505, 178.07920028359337, 163.2723972253632, 173.63590589973197, 163.1104232460899, 171.35795072737724, 156.15243060314629, 173.0350046734131, 164.06307108918128, 170.6406121504934, 197.57035506399052, 205.72948076571637, 135.15028538992067, 203.2972440663834, 211.81373581319292, 253.45291405393365, 111.6388361821165, 252.53529926024913, 220.6664661310802, 292.230345965826, 108.68498923020985, 289.48201794838116, 180.5667905454282, 296.64423624674475, 144.68182361149184, 298.49959925601354, 180.05469428168402, 358.73100741797253, 149.6316105952272, 364.12478084452664, 186.86228850663986, 413.3130192152473, 148.30953319170322, 422.695424338298], "12": [166.28057230750488, 166.88555384704708, 166.47208765933385, 162.26466664096765, 171.07224016394065, 163.06365014981571, 156.3141505667108, 167.11478190580073, 182.668713426497, 168.10994287680464, 205.9725065770437, 202.56968745478875, 201.76217017815122, 200.33318785431322, 218.7323330066822, 246.18250201784844, 220.67541453341062, 248.364649246543, 217.15299803378753, 293.8714659097831, 212.59644268548976, 292.0039120798687, 189.04740301953882, 294.1750355027107, 190.87255050331993, 293.42482003552175, 185.85258022851178, 353.8047579343323, 154.0976320976867, 356.57227752269125, 191.0484769051535, 409.4326502630817, 149.15333649336014, 412.2151948508696], "13": [155.60309516059027, 178.43290377313863, 158.10859070419104, 174.11851552030032, 157.51016018218695, 171.70496890419406, 154.30552224201995, 171.31020469739886, 167.24276299132703, 171.5032280815972, 199.879475086056, 205.12771338747257, 191.38506675556619, 202.34068545216937, 207.7582358198556, 249.2759862234253, 208.42310260378594, 253.8587246721948, 204.58669205158077, 300.1410939772459, 207.87847745720637, 301.5582382469846, 180.96231977377255, 293.54865061144613, 180.86517943741052, 300.86626123498985, 182.81607882553607, 357.57883529216923, 148.18307976973682, 358.795454088475, 196.10754180372805, 414.48441354851974, 148.67521111263397, 421.29944680494634],