{"0": [301.64747241877205, 127.3147535417047, 303.99366204036835, 125.01655980160359, 300.683640150996, 124.04060973526208, 306.5203423156143, 126.2403117099933, 299.30783264353494, 125.6551237645437, 302.717441313448, 142.55411129481143, 295.73001080786275, 142.36098142627617, 297.4913167674639, 166.9339042797423, 277.0524278904727, 164.46540639182047, 303.8331865753114, 184.58580150938872, 276.7162065710473, 184.47656047739247, 304.3173292134008, 189.7891163965415, 293.9101203189723, 190.1752149198952, 319.5914609622769, 222.82925016466402, 291.811351515861, 221.70800058465255, 321.4426679406714, 252.83431679649425, 282.5289696884899, 252.8135410479867], "1": [278.5452338919537, 130.54692318564963, 281.3344536794324, 128.36894074378654, 281.62355538232515, 126.80303324500488, 278.72669294331274, 129.85325863486838, 285.26761239035085, 129.60792110212594, 263.4649432146991, 144.27769800375773, 299.61849065784355, 149.21951918574104, 252.01431601600572, 161.9673483924791, 303.55199772944457, 169.58190442061095, 259.1540993584527, 183.94310280128758, 297.78023227148816, 183.5242981194985, 263.02792168035376, 196.33738765010128, 285.42968868976914, 197.28251570614225, 252.24215085511085, 230.89803119384288, 306.7159992537768, 230.8214261239035, 236.3920391000967, 262.9549632527907, 314.7488099929185, 257.4710996155618], "2": [299.4105717452646, 128.4755999767757, 296.57579299302125, 123.77342625668172, 297.31384961461, 125.73189123796902, 281.83206792463335, 122.73643359803316, 290.7992987976669, 127.14795088442679, 274.37703093590096, 139.98986614145497, 292.9164239537646, 143.41300533064157, 274.19975057680006, 156.17861504210828, 317.47320074784125, 158.36202045165538, 288.2594790096171, 159.34059444226716, 314.73893788358157, 153.56792308666087, 273.82640280918764, 195.05019041065117, 286.3996937772219, 195.59436612194276, 278.67169698079425, 230.0969875997502, 292.46521174559115, 230.08221542626092, 279.08864108674936, 261.2675275300678, 293.8427401239644, 260.7617596483137], "3": [308.4931883337902, 107.20263386330407, 305.80967774865223, 102.92063186972692, 309.3697965447201, 106.45972417344359, 294.71927724618894, 103.72770253677814, 298.1719228584631, 108.44399138036061, 284.7817665977552, 119.88341370521232, 297.35323409588017, 118.08370846753928, 297.2690530222991, 139.04353043256913, 304.36136197393165, 140.18331769381814, 310.2627973946911, 133.281273200498, 315.9938956515366, 135.1084647076404, 293.39814422191, 187.85348695156398, 293.0257185253716, 192.91765714946547, 301.81676273457487, 241.96964315968415, 301.00589417574696, 242.95706616972387, 302.823966399968, 284.73803306415994, 300.0321773432384, 283.36532890215716], "4": [333.1525621916118, 126.94488525390625, 330.98428053233124, 122.97889635112085, 332.0596010085435, 122.02678598623294, 319.6717452073422, 120.56875753123859, 326.05004680551747, 122.32501738252694, 313.5836405317221, 139.4763055507667, 320.25190052233245, 138.8560520417509, 300.10397124708743, 167.02948557238363, 320.28570907622515, 169.0065992924205, 293.00337347138463, 197.03507689239916, 324.4586954990558, 192.61900427745798, 311.64767557185064, 188.94514652720665, 324.67409427635386, 187.99829553674766, 321.01303204690737, 230.6937329625061, 320.6238309031109, 231.3501125283641, 317.4287493372986, 265.06238078513337, 317.3294366312306, 264.7316344857913], "5": [324.4900482951084, 126.42090557611476, 322.844212998656, 123.08308830038146, 324.6712055169118, 122.3161937572338, 320.7032143814057, 125.6233955963313, 328.21114404392057, 126.82551095824954, 309.4299482973928, 144.0968417935436, 342.5170547455607, 144.2937652409425, 300.31714879978466, 168.857086360106, 353.46116926702604, 164.95441161633465, 300.67585445054556, 185.32366181907133, 354.15253339919894, 186.20994106835553, 313.53072614465304, 190.00229625441642, 333.785568148072, 190.6856098137868, 307.1642685680129, 226.66484691478587, 336.6264530650356, 223.9957726908009, 295.6636850457442, 257.27884422733536, 341.03655110558105, 256.9720466420432], "6": [307.3062776264391, 127.62819643373842, 308.50369459007214, 124.7838599965354, 311.88024331254564, 123.4946324160689, 310.7418496055677, 126.46011263306377, 319.339115243209, 125.71972703840765, 299.2147542533354, 146.14751923618724, 328.88374373229624, 143.94931220636494, 287.9453026249162, 169.36937596133345, 346.15333304302965, 166.1152949342486, 285.9117331700018, 191.52404725667793, 347.3543490582739, 187.4605163217288, 308.1029208594131, 190.4197523328993, 329.42892628571207, 191.6842835781402, 300.0332305863587, 228.58660543638825, 331.72809682626706, 223.30701415301763, 296.29832366288986, 260.0991697850515, 339.9717795686183, 254.96687504283165], "7": [347.10866946690726, 128.0143568250868, 348.7873742176078, 123.20082666348759, 355.0736038773148, 121.50991800468103, 353.81131356222585, 126.19099458988183, 366.18566204465156, 123.95272030003122, 344.31780452616727, 145.33458746897082, 373.82012558727, 141.37152688545092, 332.13323641474017, 165.23205673485472, 390.800949007447, 160.61850980940847, 343.4358447337011, 171.11747399640592, 389.08018056412186, 181.60876833672177, 349.74736620808204, 193.8938252409996, 371.08309026350054, 190.71528800979223, 330.0824379130878, 221.917645489728, 380.5008043136745, 226.8873813324272, 326.0160098903128, 257.0386749029624, 394.7038388019881, 257.7059350562142], "8": [327.6454397577059, 122.21596522637975, 336.1217634115535, 118.88620633130881, 342.8403486285293, 118.37889160096762, 339.7153136790612, 118.54238565902261, 351.2213099072551, 117.37753215589021, 335.8940433851692, 134.38301963880514, 358.55241399991814, 131.23422901532803, 327.37669530203, 147.7914904618588, 367.72527980990344, 153.35033453928332, 328.61451385081625, 142.15107462327148, 355.068704408047, 159.45256024076224, 349.64055884883646, 183.26116669712474, 362.93749952409235, 184.54410664519372, 346.69398317095363, 221.0351192184359, 360.8410925614206, 219.4416942001551, 346.68031986229136, 252.83585873728373, 362.9989231399625, 249.83969348215913], "9": [327.44787383497805, 109.21367801420868, 327.8036980879934, 106.53689021952667, 326.0970658865588, 106.3861476608187, 329.7238635087338, 107.74933872631883, 338.07664019787285, 107.15651781703062, 336.5335410194322, 124.4495256509465, 346.4551911530671, 124.16467172128182, 322.270839163202, 147.48374180487025, 336.8794069048489, 144.91660372787982, 317.54306547823006, 147.64828806499753, 325.44704504180373, 145.30205442194352, 341.78660104614016, 174.2472402115314, 351.9452368306835, 173.4189693458364, 343.4794985527648, 218.01915382548844, 344.391013697574, 217.894499185722, 353.4137980143229, 262.6984588444581, 356.6239596063863, 264.5329769498888], "10": [335.6279476530138, 114.79898136726362, 332.06826252779297, 111.90831948442067, 342.37327739276844, 112.79341372365374, 332.5809399937561, 115.58229769879614, 348.03828724643637, 116.0331131189655, 323.83280317221005, 131.97505303990772, 352.7464303356862, 132.87556847168918, 313.60027469389615, 156.93671332465277, 367.5823623627482, 160.57164591887772, 310.2782792654651, 178.55958637438323, 368.54992544906645, 177.53818474782605, 325.3727487188566, 182.8735063043486, 351.798049302129, 183.27962209839103, 332.2327962953445, 218.69875151279143, 345.75443557828487, 218.32577205308462, 338.3324171367444, 250.32189917610867, 337.271561799226, 249.55996745743482],